{"_meta": {"logs_dir": "C:\\Users\\cbcro\\OneDrive - Princeton University\\Thesis\\AI-Bazaar\\AI-Bazaar\\logs\\exp2_anthropic_claude-sonnet-4.6", "good": "car", "created": 1774915805.10973}, "data": {"per_seed_data": {"0,0": {"detection_premium": [], "consumer_welfare": [2249.3492063492063, 2164.8849206349205, 2024.3809523809527], "sybil_rev_share": [0.0, 0.0, 0.0], "market_volume": [567.0, 556.0, 571.0]}, "0,1": {"detection_premium": [], "consumer_welfare": [2086.56045751634, 2143.4571050642476, 1730.6184668989547], "sybil_rev_share": [0.0, 0.0, 0.0], "market_volume": [294.0, 390.0, 382.0]}, "1,0": {"detection_premium": [0.34593528051468453, 0.3533923952764799, 0.3510665457794776], "consumer_welfare": [953.0119047619047, 1138.442857142857, 1033.904761904762], "sybil_rev_share": [0.03422970877046518, 0.027067367255882255, 0.02998974996076219], "market_volume": [563.0, 565.0, 567.0]}, "1,1": {"detection_premium": [0.18387624980163533, 0.2519166920414555, 0.20992884130073922], "consumer_welfare": [-1612.5119047619044, -1480.25, -1730.4857142857145], "sybil_rev_share": [0.15329097167009528, 0.13224594325708428, 0.16532942780625823], "market_volume": [434.0, 433.0, 433.0]}, "2,0": {"detection_premium": [0.4600923218411527, 0.4559643245632246, 0.48879469112356433], "consumer_welfare": [-851.9238095238095, -648.5000000000001, -901.4047619047618], "sybil_rev_share": [0.09693167101166374, 0.09964187196611553, 0.10739309996216093], "market_volume": [504.0, 529.0, 497.0]}, "2,1": {"detection_premium": [0.36111106827168, 0.29142699007570905, 0.33025651112303905], "consumer_welfare": [-3413.571428571429, -3363.7301587301586, -5783.0952380952385], "sybil_rev_share": [0.2386850785342191, 0.24046021439681414, 0.29615912906221886], "market_volume": [174.0, 226.0, 251.0]}}, "eas_cells": {"0,0": {"eas_mean": 0.9904020246639534, "eas_se": 0.0036803640096888172, "n": 3, "welfare_mean": 2146.2050264550267, "integrity_mean": 1.0, "stability_mean": 1.0, "baseline_vol": 564.6666666666666, "w_min": -5783.0952380952385, "w_range": 8032.444444444445, "vr_min": 0.30814639905548996, "vr_range": 0.7030696576151121}, "0,1": {"eas_mean": 0.8080275767763677, "eas_se": 0.024660855708615672, "n": 3, "welfare_mean": 1986.8786764931808, "integrity_mean": 1.0, "stability_mean": 0.629279811097993, "baseline_vol": 564.6666666666666, "w_min": -5783.0952380952385, "w_range": 8032.444444444445, "vr_min": 0.30814639905548996, "vr_range": 0.7030696576151121}, "1,0": {"eas_mean": 0.9347073550426398, "eas_se": 0.0034770308621986084, "n": 3, "welfare_mean": 1041.7865079365079, "integrity_mean": 0.9695710580042968, "stability_mean": 1.0005903187721372, "baseline_vol": 564.6666666666666, "w_min": -5783.0952380952385, "w_range": 8032.444444444445, "vr_min": 0.30814639905548996, "vr_range": 0.7030696576151121}, "1,1": {"eas_mean": 0.6742513106139162, "eas_se": 0.006189412320602212, "n": 3, "welfare_mean": -1607.7492063492064, "integrity_mean": 0.849711219088854, "stability_mean": 0.7674144037780403, "baseline_vol": 564.6666666666666, "w_min": -5783.0952380952385, "w_range": 8032.444444444445, "vr_min": 0.30814639905548996, "vr_range": 0.7030696576151121}, "2,0": {"eas_mean": 0.7884401552984258, "eas_se": 0.011879130095729981, "n": 3, "welfare_mean": -800.6095238095239, "integrity_mean": 0.8986777856866865, "stability_mean": 0.9031877213695396, "baseline_vol": 564.6666666666666, "w_min": -5783.0952380952385, "w_range": 8032.444444444445, "vr_min": 0.30814639905548996, "vr_range": 0.7030696576151121}, "2,1": {"eas_mean": 0.3495362024571902, "eas_se": 0.028312120007516317, "n": 3, "welfare_mean": -4186.798941798942, "integrity_mean": 0.741565192668916, "stability_mean": 0.384297520661157, "baseline_vol": 564.6666666666666, "w_min": -5783.0952380952385, "w_range": 8032.444444444445, "vr_min": 0.30814639905548996, "vr_range": 0.7030696576151121}}, "aggregate_eas": {"mean": 0.7575607708087488, "se": 0.051043089628158476, "n": 18}}}