{"_meta": {"logs_dir": "C:\\Users\\Cameron\\OneDrive - Princeton University\\Thesis\\AI-Bazaar\\AI-Bazaar\\logs\\exp2_anthropic_claude-sonnet-4.6", "good": "car", "created": 1774630685.2270126}, "data": {"agg": {"0,1": {"ts": [0.0, 1.0, 2.0, 3.0, 4.0, 5.0, 6.0, 7.0, 8.0, 9.0, 10.0, 11.0, 12.0, 13.0, 14.0, 15.0, 16.0, 17.0, 18.0, 19.0, 20.0, 21.0, 22.0, 23.0, 24.0, 25.0, 26.0, 27.0, 28.0, 29.0, 30.0, 31.0, 32.0, 33.0, 34.0, 35.0, 36.0, 37.0, 38.0, 39.0, 40.0, 41.0, 42.0, 43.0, 44.0, 45.0, 46.0, 47.0, 48.0, 49.0], "mean": [0.0, 0.0, 0.0, 0.0, 0.0, 0.0, 0.0, 0.0, 0.0, 0.0, 0.0, 0.0, 0.0, 0.0, 0.0, 0.0, 0.0, 0.0, 0.0, 0.0, 0.0, 0.0, 0.0, 0.0, 0.0, 0.0, 0.0, 0.0, 0.0, 0.0, 0.0, 0.0, 0.0, 0.0, 0.0, 0.0, 0.0, 0.0, 0.0, 0.0, 0.0, 0.0, 0.0, 0.0, 0.0, 0.0, 0.0, 0.0, 0.0, 0.0], "std": [0.0, 0.0, 0.0, 0.0, 0.0, 0.0, 0.0, 0.0, 0.0, 0.0, 0.0, 0.0, 0.0, 0.0, 0.0, 0.0, 0.0, 0.0, 0.0, 0.0, 0.0, 0.0, 0.0, 0.0, 0.0, 0.0, 0.0, 0.0, 0.0, 0.0, 0.0, 0.0, 0.0, 0.0, 0.0, 0.0, 0.0, 0.0, 0.0, 0.0, 0.0, 0.0, 0.0, 0.0, 0.0, 0.0, 0.0, 0.0, 0.0, 0.0]}, "0,0": {"ts": [0.0, 1.0, 2.0, 3.0, 4.0, 5.0, 6.0, 7.0, 8.0, 9.0, 10.0, 11.0, 12.0, 13.0, 14.0, 15.0, 16.0, 17.0, 18.0, 19.0, 20.0, 21.0, 22.0, 23.0, 24.0, 25.0, 26.0, 27.0, 28.0, 29.0, 30.0, 31.0, 32.0, 33.0, 34.0, 35.0, 36.0, 37.0, 38.0, 39.0, 40.0, 41.0], "mean": [0.0, 0.0, 0.0, 0.0, 0.0, 0.0, 0.0, 0.0, 0.0, 0.0, 0.0, 0.0, 0.0, 0.0, 0.0, 0.0, 0.0, 0.0, 0.0, 0.0, 0.0, 0.0, 0.0, 0.0, 0.0, 0.0, 0.0, 0.0, 0.0, 0.0, 0.0, 0.0, 0.0, 0.0, 0.0, 0.0, 0.0, 0.0, 0.0, 0.0, 0.0, 0.0], "std": [0.0, 0.0, 0.0, 0.0, 0.0, 0.0, 0.0, 0.0, 0.0, 0.0, 0.0, 0.0, 0.0, 0.0, 0.0, 0.0, 0.0, 0.0, 0.0, 0.0, 0.0, 0.0, 0.0, 0.0, 0.0, 0.0, 0.0, 0.0, 0.0, 0.0, 0.0, 0.0, 0.0, 0.0, 0.0, 0.0, 0.0, 0.0, 0.0, 0.0, 0.0, 0.0]}, "3,1": {"ts": [0.0, 1.0, 2.0, 3.0, 4.0, 5.0, 6.0, 7.0, 8.0, 9.0, 10.0, 11.0, 12.0, 13.0, 14.0, 15.0, 16.0, 17.0, 18.0, 19.0, 20.0, 21.0, 22.0, 23.0, 24.0, 25.0, 26.0, 27.0, 28.0, 29.0, 30.0, 31.0, 32.0, 33.0, 34.0, 35.0, 36.0, 37.0, 38.0, 39.0, 40.0, 41.0, 42.0, 43.0, 44.0, 45.0, 46.0, 47.0, 48.0, 49.0], "mean": [0.15610740610740612, 0.2363483620969878, 0.1901876675603217, 0.08897742363877821, 0.089058524173028, 0.051883439943141436, 0.02888888888888889, 0.0, 0.04537205081669691, 0.06492248062015504, 0.08427672955974842, 0.0, 0.0, 0.0, 0.0, 0.0, 0.0, 0.0, 0.062037037037037036, 0.0, 0.0, 0.0, 0.0, 0.0, 0.06085376930063579, 0.04985119047619047, 0.0450268817204301, 0.0, 0.0, 0.0, 0.0, 0.0, 0.0, 0.0, 0.06739130434782609, 0.0, 0.05317460317460317, 0.10244648318042814, 0.0, 0.0, 0.0, 0.0, 0.0, 0.0, 0.0, 0.044642857142857144, 0.0, 0.0, 0.0, 0.0], "std": [0.1191082812325664, 0.1074847932934404, 0.1417100931822388, 0.12583307925497658, 0.12594777273042831, 0.0733742644301606, 0.04085505846855608, 0.0, 0.06416576961765404, 0.0918142525959277, 0.11918529393584575, 0.0, 0.0, 0.0, 0.0, 0.0, 0.0, 0.0, 0.08773361914721979, 0.0, 0.0, 0.0, 0.0, 0.0, 0.08606022586648261, 0.07050022967187305, 0.06367762680040145, 0.0, 0.0, 0.0, 0.0, 0.0, 0.0, 0.0, 0.09530569659470858, 0.0, 0.07520024498333124, 0.1448812059311886, 0.0, 0.0, 0.0, 0.0, 0.0, 0.0, 0.0, 0.06313453403451316, 0.0, 0.0, 0.0, 0.0]}, "6,1": {"ts": [0.0, 1.0, 2.0, 3.0, 4.0, 5.0, 6.0, 7.0, 8.0, 9.0, 10.0, 11.0, 12.0, 13.0, 14.0, 15.0, 16.0, 17.0, 18.0, 19.0, 20.0, 21.0, 22.0, 23.0, 24.0, 25.0, 26.0, 27.0, 28.0, 29.0, 30.0, 31.0, 32.0, 33.0, 34.0, 35.0, 36.0, 37.0, 38.0, 39.0, 40.0, 41.0, 42.0, 43.0, 44.0, 45.0, 46.0, 47.0, 48.0, 49.0], "mean": [0.5429860864932216, 0.3620353915235221, 0.31436588103254764, 0.3466434535175409, 0.2505010994020325, 0.18469170035200808, 0.1375639050744536, 0.22448097682356746, 0.09621993127147765, 0.13693763961181946, 0.09654272667971298, 0.21628482809756625, 0.15027946890518837, 0.14930724355858047, 0.046766169154228855, 0.0, 0.0, 0.05485232067510548, 0.0, 0.2080549004192872, 0.0, 0.0, 0.11516639388979814, 0.0, 0.12902289421208069, 0.2182394657269029, 0.07974910394265233, 0.04304635761589404, 0.0, 0.125, 0.06509298998569385, 0.05667627281460135, 0.0, 0.0, 0.1288888888888889, 0.1437632329927276, 0.0, 0.0, 0.0, 0.0, 0.08262108262108263, 0.09941520467836257, 0.09731543624161075, 0.07880434782608696, 0.0, 0.08479532163742691, 0.0, 0.0, 0.0, 0.0], "std": [0.10993138824688346, 0.059845401495257085, 0.2585777234815872, 0.25441526441169154, 0.1803562848150601, 0.13812661376485372, 0.10013163632464715, 0.09293520043749173, 0.13607553177473078, 0.11233479083226479, 0.13653203341892894, 0.05012273803792403, 0.10626471235057931, 0.11737067243405314, 0.06613735067814475, 0.0, 0.0, 0.07757289582637229, 0.0, 0.19356426649284447, 0.0, 0.0, 0.08155606648501924, 0.0, 0.09318351526546954, 0.17848110853427304, 0.1127822643828006, 0.060876742751159715, 0.0, 0.1767766952966369, 0.09205538925318431, 0.08015235367916677, 0.0, 0.0, 0.18227641470586556, 0.10227553739768297, 0.0, 0.0, 0.0, 0.0, 0.11684385558068307, 0.14059433076223748, 0.13762480976114014, 0.11144617746961889, 0.0, 0.11991869388543788, 0.0, 0.0, 0.0, 0.0]}, "3,0": {"ts": [0.0, 1.0, 2.0, 3.0, 4.0, 5.0, 6.0, 7.0, 8.0, 9.0, 10.0, 11.0, 12.0, 13.0, 14.0, 15.0, 16.0, 17.0, 18.0, 19.0, 20.0, 21.0, 22.0, 23.0, 24.0, 25.0, 26.0, 27.0, 28.0, 29.0, 30.0, 31.0, 32.0, 33.0, 34.0, 35.0, 36.0, 37.0, 38.0, 39.0, 40.0, 41.0, 42.0, 43.0, 44.0, 45.0, 46.0, 47.0, 48.0, 49.0], "mean": [0.11473429951690821, 0.1994784920814402, 0.12649847915548398, 0.1436135549038775, 0.289164227265262, 0.06824925816023739, 0.2531677643821354, 0.11380145278450364, 0.42999937164674096, 0.0422077922077922, 0.18416232889917103, 0.15053763440860216, 0.29495631724043986, 0.21398740231378707, 0.0, 0.1984732824427481, 0.0, 0.2216810966810967, 0.18796653796653798, 0.05094991364421416, 0.12313408930745084, 0.0, 0.0, 0.2250776534020981, 0.0, 0.15118020825783382, 0.13020649176154445, 0.10052910052910052, 0.3204462659380692, 0.12146892655367231, 0.3257503192848021, 0.06726907630522089, 0.2503471672906889, 0.1718107353134091, 0.0, 0.3083675428688242, 0.206731345071266, 0.17598365993724466, 0.1957519317069879, 0.13452945541360176, 0.0, 0.0, 0.24341378458819096, 0.08333333333333333, 0.10179792096428426, 0.16741824185923346, 0.20186715641261097, 0.1476143614488429, 0.09688013136288998, 0.17990094094511766], "std": [0.16225880244618843, 0.14711159201329235, 0.12131690652159659, 0.10833806978696746, 0.04127606237088744, 0.09651902651211033, 0.051813771436358846, 0.08798712983344611, 0.2958292829758526, 0.05969083217808518, 0.15040728035241085, 0.21289236422820784, 0.2223084243399787, 0.15361323827940404, 0.0, 0.28068360779924023, 0.0, 0.16054343568220084, 0.1344947441956352, 0.07205405887738565, 0.08888783261488427, 0.0, 0.0, 0.1629654693180476, 0.0, 0.1069022714119354, 0.09233732707051298, 0.14216961738142225, 0.3110561908436007, 0.17178300333910473, 0.10866201659902042, 0.095132840039154, 0.07485840372379304, 0.06439108643574824, 0.0, 0.07805166944744849, 0.1507828501007874, 0.014319782302789939, 0.1413700101092209, 0.09857548185119835, 0.0, 0.0, 0.18914231718205096, 0.11785113019775792, 0.07420923857461581, 0.11852176201177894, 0.1837130047324241, 0.10472477320399425, 0.13700919569788605, 0.13224321660994273]}, "6,0": {"ts": [0.0, 1.0, 2.0, 3.0, 4.0, 5.0, 6.0, 7.0, 8.0, 9.0, 10.0, 11.0, 12.0, 13.0, 14.0, 15.0, 16.0, 17.0, 18.0, 19.0, 20.0, 21.0, 22.0, 23.0, 24.0, 25.0, 26.0, 27.0, 28.0, 29.0, 30.0, 31.0, 32.0, 33.0, 34.0],