{"_meta": {"logs_dir": "C:\\Users\\Cameron\\OneDrive - Princeton University\\Thesis\\AI-Bazaar\\AI-Bazaar\\logs\\exp2_anthropic_claude-sonnet-4.6", "good": "car", "created": 1774630685.394377}, "data": {"agg": {"0,1": {"ts": [0.0, 1.0, 2.0, 3.0, 4.0, 5.0, 6.0, 7.0, 8.0, 9.0, 10.0, 11.0, 12.0, 13.0, 14.0, 15.0, 16.0, 17.0, 18.0, 19.0, 20.0, 21.0, 22.0, 23.0, 24.0, 25.0, 26.0, 27.0, 28.0, 29.0, 30.0, 31.0, 32.0, 33.0, 34.0, 35.0, 36.0, 37.0, 38.0, 39.0, 40.0, 41.0, 42.0, 43.0, 44.0, 45.0, 46.0, 47.0, 48.0, 49.0], "mean": [1309.5238095238094, 1729.3650793650795, 1676.388888888889, 1694.4444444444443, 2035.7142857142856, 1007.936507936508, 1868.0555555555557, 1479.1666666666667, 2414.814814814815, 1705.357142857143, 2079.3650793650795, 2571.428571428571, 2108.3333333333335, 1062.4999999999998, 2349.2063492063494, 2145.8333333333335, 2268.055555555555, 1615.7407407407409, 2067.4603174603176, 2069.4444444444443, 1738.0952380952378, 2428.5714285714284, 1958.3333333333333, 1949.4047619047622, 1910.7142857142856, 2780.952380952381, 2101.190476190476, 2711.111111111111, 2307.5396825396824, 1569.047619047619, 2561.904761904762, 2328.571428571429, 2966.6666666666665, 2088.6243386243386, 2170.6349206349205, 2448.1481481481483, 2972.222222222222, 2611.1111111111113, 2433.8624338624336, 1377.7777777777776, 2564.8148148148152, 1972.222222222222, 2421.428571428571, 2919.6428571428573, 2514.285714285714, 1654.7619047619046, 2594.444444444445, 2837.301587301587, 2611.111111111111, 2547.6190476190477], "std": [220.80044036894537, 338.73365464344965, 269.5231843711785, 694.9997779553779, 305.49112905610343, 112.23917161691236, 689.775974546612, 409.31005634142707, 649.5540308222835, 385.1379070969166, 676.8868908006475, 610.9822581122066, 214.1682879316066, 519.024637251522, 525.0106478901978, 995.2142427080155, 707.5676689708479, 330.6865079338625, 837.0852801166419, 488.6836690488662, 612.6038252508861, 354.75391489884146, 238.14483610392008, 826.4061575207488, 496.96143035984807, 1044.9316179386096, 132.2982783981718, 1125.5725566336955, 419.8386443342157, 377.97947130184673, 603.9927617412544, 503.9976244410055, 659.9663291074443, 350.5016461246082, 350.781081438247, 1051.3692163464427, 123.07986047040323, 831.4794192830981, 524.9439908748471, 87.48897637790903, 851.1470514282518, 1085.1124991458116, 237.19671728515567, 1009.3893806498598, 724.028788843945, 470.7840411257425, 489.96094578554084, 379.75174556413464, 463.14811112591855, 413.76540945197064]}, "0,0": {"ts": [0.0, 1.0, 2.0, 3.0, 4.0, 5.0, 6.0, 7.0, 8.0, 9.0, 10.0, 11.0, 12.0, 13.0, 14.0, 15.0, 16.0, 17.0, 18.0, 19.0, 20.0, 21.0, 22.0, 23.0, 24.0, 25.0, 26.0, 27.0, 28.0, 29.0, 30.0, 31.0, 32.0, 33.0, 34.0, 35.0, 36.0, 37.0, 38.0, 39.0, 40.0, 41.0], "mean": [1001.388888888889, 930.5555555555555, 1008.3333333333334, 1380.952380952381, 1682.5396825396826, 1222.8835978835978, 1972.2222222222224, 1566.6666666666667, 2295.238095238095, 2365.079365079365, 2108.3333333333335, 2292.8571428571427, 742.8571428571428, 1138.888888888889, 2866.6666666666665, 2236.1111111111113, 1419.8412698412696, 2241.6666666666665, 1853.1746031746031, 2983.3333333333335, 2100.0, 2735.1851851851848, 2122.222222222222, 2766.6666666666665, 1673.6111111111113, 2865.0793650793653, 1327.7777777777776, 2658.730158730159, 1580.5555555555554, 2722.222222222222, 2236.1111111111113, 1843.650793650794, 2538.8888888888887, 2361.904761904762, 2472.222222222222, 1708.3333333333333, 2585.714285714286, 2119.047619047619, 2351.190476190476, 1708.3333333333333, 2270.8333333333335, 2354.1666666666665], "std": [306.19251791102175, 459.384316903923, 819.6374537291201, 331.6282923139076, 507.0677093639138, 123.93339911567718, 510.68823085695107, 116.26916409142413, 986.737449198516, 81.51840708005604, 326.81119251879295, 1131.836746959873, 786.7093266422169, 334.5348714961022, 1084.0382322081123, 187.37135504488944, 727.6795384700513, 182.9541533341679, 874.8357654600619, 342.3773097362356, 282.842712474619, 501.3630255632344, 807.5263249158498, 410.96093353126514, 519.9529596481913, 404.2168754998998, 417.29582129364275, 883.4869873063965, 702.5197154651846, 1021.376461713902, 1339.5399523532762, 742.4763302846803, 620.682619041525, 816.5243524479779, 103.93492741038725, 868.0277773333191, 229.75882060599648, 441.60088073789075, 162.5773843303293, 615.2009608430584, 707.7203229776262, 797.6745716281937]}, "3,1": {"ts": [0.0, 1.0, 2.0, 3.0, 4.0, 5.0, 6.0, 7.0, 8.0, 9.0, 10.0, 11.0, 12.0, 13.0, 14.0, 15.0, 16.0, 17.0, 18.0, 19.0, 20.0, 21.0, 22.0, 23.0, 24.0, 25.0, 26.0, 27.0, 28.0, 29.0, 30.0, 31.0, 32.0, 33.0, 34.0, 35.0, 36.0, 37.0, 38.0, 39.0, 40.0, 41.0, 42.0, 43.0, 44.0, 45.0, 46.0, 47.0, 48.0, 49.0], "mean": [-2789.68253968254, -3900.0, -3276.1904761904757, 538.888888888889, -1604.7619047619048, 502.9761904761904, 1010.7142857142857, 845.2380952380953, 938.0952380952382, -588.8888888888888, -592.2619047619047, 2141.2698412698414, 1576.388888888889, 1722.222222222222, 1253.968253968254, 2706.3492063492063, 1892.857142857143, 1602.7777777777776, 293.65079365079356, 2230.15873015873, 1251.984126984127, 1607.142857142857, 2771.428571428571, 1732.142857142857, 138.88888888888883, 569.4444444444445, 886.904761904762, 1844.4444444444443, 1791.6666666666667, 1847.222222222222, 1530.0, 2133.3333333333335, 2588.095238095238, 2305.5555555555557, -467.4603174603174, 2066.6666666666665, 103.17460317460306, -905.5555555555557, 2222.222222222222, 1590.2777777777776, 2112.5, 1150.7936507936508, 1575.3968253968253, 2273.0158730158732, 2119.047619047619, 1047.2222222222222, 1194.4444444444446, 1971.4285714285716, 2438.8888888888887, 2095.2380952380954], "std": [2919.982458176669, 3128.3648551066844, 3193.0266990950427, 2801.0029068086696, 3624.2631591417335, 1706.5228086292555, 1218.992976825962, 327.7595213794335, 1704.7885073742384, 2207.1153174882725, 1862.6340141105395, 542.1093893976254, 170.38672425535134, 437.4448818895452, 590.9634872692749, 680.7840099684869, 578.9028379985554, 526.0057972735966, 2145.001866151848, 430.47782928001965, 477.6844949277519, 1128.254928495094, 1222.2984927758755, 692.6791622163233, 2280.1340061311853, 2104.4302181849307, 1799.9629940766426, 1513.478537657742, 694.7221666888777, 802.4364903141271, 842.1445288116568, 232.53832818284835, 204.23520299054607, 578.6851848888795, 2702.3899260974936, 521.3941425177808, 2607.9369909862467, 2764.066158469269, 746.3904912524669, 1116.004848102218, 669.4991909380225, 663.3515458402179, 215.67743240795545, 375.6844765234926, 560.4096331399916, 2067.678217198349, 207.86985482077458, 424.90495135627083, 735.3927312231216, 876.7079217420996]}, "6,1": {"ts": [0.0, 1.0, 2.0, 3.0, 4.0, 5.0, 6.0, 7.0, 8.0, 9.0, 10.0, 11.0, 12.0, 13.0, 14.0, 15.0, 16.0, 17.0, 18.0, 19.0, 20.0, 21.0, 22.0, 23.0, 24.0, 25.0, 26.0, 27.0, 28.0, 29.0, 30.0, 31.0, 32.0, 33.0, 34.0, 35.0, 36.0, 37.0, 38.0, 39.0, 40.0, 41.0, 42.0, 43.0, 44.0, 45.0, 46.0, 47.0, 48.0, 49.0], "mean": [-14923.015873015873, -8402.380952380952, -6147.619047619049, -5305.555555555556, -5797.619047619049, -2746.825396825397, -2405.5555555555557, -4042.8571428571427, 505.5555555555554, -2171.4285714285716, -150.79365079365076, -3844.444444444444, -1566.6666666666667, -558.3333333333334, 0.0, 2300.0, 1760.5555555555557, 766.6666666666666, 1868.8888888888887, -4411.111111111111, 1133.3333333333333, 683.3333333333334, -1718.2539682539682, 2075.0, -1305.5555555555557, -3746.0317460317456, 294.44444444444434, 1441.6666666666667, 2022.222222222222, -1300.0, 276.19047619047615, 825.0, 2666.6666666666665, 666.6666666666666, -800.0, -1986.1111111111113, 2111.111111111111, 1097.2222222222224, 1805.5555555555557, 1861.1111111111113, 141.66666666666666, -716.6666666666666, -1391.6666666666667, 602.3809523809523, 2527.777777777778, -711.111111111111, 1680.5555555555557, 1666.6666666666667, 1672.2222222222224, 1666.6666666666667],