{"_meta": {"logs_dir": "C:\\Users\\Cameron\\OneDrive - Princeton University\\Thesis\\AI-Bazaar\\AI-Bazaar\\logs\\exp2_anthropic_claude-sonnet-4.6", "good": "car", "created": 1774630685.1728737}, "data": {"agg": {"0,1": null, "0,0": null, "3,1": {"ts": [0.0, 1.0, 2.0, 3.0, 4.0, 5.0, 6.0, 7.0, 8.0, 9.0, 10.0, 11.0, 12.0, 13.0, 14.0, 15.0, 16.0, 17.0, 18.0, 19.0, 20.0, 21.0, 22.0, 23.0, 24.0, 25.0, 26.0, 27.0, 28.0, 29.0, 30.0, 31.0, 32.0, 33.0, 34.0, 35.0, 36.0, 37.0, 38.0, 39.0, 40.0, 41.0, 42.0, 43.0, 44.0, 45.0, 46.0, 47.0, 48.0, 49.0], "mean": [0.33564814814814814, 0.235016835016835, 0.2264219576719577, 0.26858866442199775, 0.27164610081276747, 0.27768782143782145, 0.28260634381957916, 0.3033037572640256, 0.2949070277780961, 0.31202115178659795, 0.31801099660607407, 0.32873440632045875, 0.33554628510362505, 0.33958212947351657, 0.3407505953762846, 0.34935227269912356, 0.34960395151961915, 0.3566136730640692, 0.3576030644661545, 0.358292565303788, 0.36037622907617983, 0.36417781848991293, 0.3651673157205166, 0.36682390289638844, 0.3666854887680974, 0.366981565099705, 0.3672016336676855, 0.36846586326922354, 0.37044950728058357, 0.37270342542184015, 0.3749917628092471, 0.37567998803363906, 0.3764014100922246, 0.3758006499887701, 0.37529126740743374, 0.37622847784449726, 0.37720103342486766, 0.37670857327892365, 0.3778416640507041, 0.3793902540985575, 0.3805729907603894, 0.38002952325841144, 0.3824489724708551, 0.38357630181015995, 0.38420226318538636, 0.38318553241751846, 0.3837494128987804, 0.3842126722697868, 0.38435571234485333, 0.38373139928502203], "std": [0.06764647776019656, 0.02789353241010295, 0.06458149615258756, 0.02479597090406969, 0.014986782680917052, 0.03172327374876706, 0.037590377346984886, 0.02714438143857709, 0.008315375056797034, 0.0007139620144088222, 0.011715199142009974, 0.0035329583726179687, 0.005132709712222896, 0.004199287799552397, 0.004283431561255786, 0.002370942399804609, 0.0034118405271433227, 0.0007101045865902505, 0.004043267206050239, 0.0070502843043504845, 0.008460090342816848, 0.009590609313417583, 0.007108090423038368, 0.007971329422770505, 0.004675573498086353, 0.005905527123907249, 0.005524655601381093, 0.005348858214771374, 0.005690436361121547, 0.005887096600231431, 0.004931984825017275, 0.006528575756051819, 0.004925173345729918, 0.0041410532030196345, 0.002750103638788866, 0.00419510848434834, 0.005788552278250718, 0.005682724084769278, 0.005701633001402234, 0.005609685128558401, 0.005086379530340893, 0.006144760350420097, 0.004967724064334429, 0.003847269860648718, 0.003179327464229661, 0.0047622609062091285, 0.00503881609775437, 0.005618649296412275, 0.00539464286093472, 0.005862796390975046]}, "6,1": {"ts": [0.0, 1.0, 2.0, 3.0, 4.0, 5.0, 6.0, 7.0, 8.0, 9.0, 10.0, 11.0, 12.0, 13.0, 14.0, 15.0, 16.0, 17.0, 18.0, 19.0, 20.0, 21.0, 22.0, 23.0, 24.0, 25.0, 26.0, 27.0, 28.0, 29.0, 30.0, 31.0, 32.0, 33.0, 34.0, 35.0, 36.0, 37.0, 38.0, 39.0, 40.0, 41.0, 42.0, 43.0, 44.0, 45.0, 46.0, 47.0, 48.0, 49.0], "mean": [0.15942760942760945, 0.28611111111111115, 0.353505291005291, 0.3744929453262787, 0.37638087221420563, 0.3984501609501609, 0.407297640630974, 0.4154935727852395, 0.4255626091410405, 0.4346567909358157, 0.4495507974997139, 0.45578940043369975, 0.46334911031421333, 0.47065340710857156, 0.46930217653193845, 0.4742310639830192, 0.4838245919555407, 0.4822133248569947, 0.4888376453204912, 0.4885022821379044, 0.49173698863695653, 0.4936057383511731, 0.49299628443693, 0.49261823456522164, 0.4929794976854, 0.49595155748482195, 0.49525319427756953, 0.49698754600347367, 0.49815465289568533, 0.502713618165049, 0.5072578208731756, 0.5072068495907938, 0.5083041937046198, 0.5058047179611207, 0.5058686557167875, 0.5020800114219296, 0.5043749424441016, 0.5034445833207221, 0.5049948076919307, 0.5055111354962789, 0.5051827869051787, 0.5027443364342354, 0.5043177340075867, 0.5055014356486738, 0.5044721962223558, 0.503801999287217, 0.5047939714520195, 0.5064340388237384, 0.5056757905934718, 0.5057872350309964], "std": [0.18393193929341842, 0.07138942931053556, 0.019148167519738253, 0.014740972368113342, 0.0393613943296879, 0.03420839818133878, 0.03472920417570566, 0.030643352964591215, 0.019994576261901854, 0.013138784897387608, 0.005659955611115708, 0.0047210566528914245, 0.005785463408322981, 0.004066725230845375, 0.014327523869453903, 0.020423690907219853, 0.018808737651220306, 0.022724088291848694, 0.02656671106040803, 0.02082544290557408, 0.0222136155471722, 0.020157963182471646, 0.02162332577661854, 0.028420151280376522, 0.023200308730291688, 0.021864121566991808, 0.022515036868967036, 0.02163179880086076, 0.023076415849502034, 0.022226159903273663, 0.022865049842551294, 0.01879751794521791, 0.018976685341596244, 0.016533861591145258, 0.017023075668737477, 0.013960481631397015, 0.013977240713675593, 0.012335641813035269, 0.012329353847045726, 0.01344432972974703, 0.014176093636490188, 0.014841445084158378, 0.014412549920247524, 0.014535808451969685, 0.015004428520318221, 0.012010316356535137, 0.011988372235484355, 0.011414813389769737, 0.012780064810110854, 0.013089438708612544]}, "3,0": {"ts": [0.0, 1.0, 2.0, 3.0, 4.0, 5.0, 6.0, 7.0, 8.0, 9.0, 10.0, 11.0, 12.0, 13.0, 14.0, 15.0, 16.0, 17.0, 18.0, 19.0, 20.0, 21.0, 22.0, 23.0, 24.0, 25.0, 26.0, 27.0, 28.0, 29.0, 30.0, 31.0, 32.0, 33.0, 34.0, 35.0, 36.0, 37.0, 38.0, 39.0, 40.0, 41.0, 42.0, 43.0, 44.0, 45.0, 46.0, 47.0, 48.0, 49.0], "mean": [0.39219576719576715, 0.29549663299663304, 0.24404561487894824, 0.2458042728876062, 0.25390049765049766, 0.24943041027599847, 0.2340779558562066, 0.23537538885836098, 0.2042649503537016, 0.21791346751110288, 0.22795481535819703, 0.2239499600184849, 0.21619293086593896, 0.20766179212692046, 0.20986652984325616, 0.20559532394058966, 0.20781202063355217, 0.20272148882413962, 0.2013484797835299, 0.20472580744005694, 0.20299466454599716, 0.20452802901511882, 0.20474088317909142, 0.20366649435322173, 0.208736978855279, 0.2058205313837542, 0.20547209126731314, 0.2099156177033048, 0.20913644246875118, 0.2106301407455754, 0.20959266598203907, 0.21279096075968199, 0.20316261781578335, 0.19844123767252864, 0.2016448954132394, 0.19853962233231015, 0.1984789097781081, 0.19765557023050473, 0.1974155558462661, 0.1970844187585937, 0.19808953013754382, 0.19827013059626153, 0.19869976829125022, 0.20164880529616647, 0.201367933826571, 0.20228549969192744, 0.2017111856379342, 0.19973075545996566, 0.20036072447390105, 0.19908295024636158], "std": [0.07389078798113394, 0.021453833019256238, 0.07128474030541655, 0.06544106735499994, 0.04647293132294723, 0.07831036950838385, 0.08907689624277232, 0.07288927535427282, 0.07019062108838629, 0.06602311010923481, 0.05750520297394896, 0.05025886351547045, 0.037489503042319273, 0.04627967981960086, 0.03854560143634055, 0.047324769196104406, 0.045366749887775386, 0.04303042075922788, 0.03837530895888906, 0.03664664709550234, 0.0331688512212134, 0.028976684821775428, 0.03211482567945201, 0.02970589142124741, 0.029905723476879777, 0.026713767246669996, 0.02255622593711517, 0.016664891298725133, 0.013923906116899292, 0.013683473448066415, 0.010977637412707708, 0.006817294226521148, 0.011829871445283262, 0.010308376825524329, 0.012644316478986166, 0.01528183279169092, 0.014539573206105147, 0.01629096885574939, 0.014057848890879989, 0.014429925616810734, 0.013004879697084457, 0.012271481168900528, 0.012896109472931955, 0.013427081692068623, 0.014179745769746527, 0.014340013691213493, 0.013134599080129707, 0.012530456122795837, 0.0113967352268259, 0.013892586353391446]}, "6,0": {"ts": [0.0, 1.0, 2.0, 3.0, 4.0, 5.0, 6.0, 7.0, 8.0, 9.0, 10.0, 11.0, 12.0, 13.0, 14.0, 15.0, 16.0, 17.0, 18.0, 19.0, 20.0, 21.0, 22.0, 23.0, 24.0, 25.0, 26.0, 27.0, 28.0, 29.0, 30.0, 31.0, 32.0, 33.0, 34.0],