{"_meta": {"logs_dir": "C:\\Users\\cbcro\\OneDrive - Princeton University\\Thesis\\AI-Bazaar\\AI-Bazaar\\logs\\exp1_gemini-2.5-flash", "good": "food", "created": 1774239884.4724503}, "data": {"grid_collapse": [[NaN, 1.0, NaN], [1.0, 1.0, 1.0], [1.0, 1.0, 1.0], [0.6666666666666666, 1.0, 1.0], [0.3333333333333333, 0.6666666666666666, 1.0]], "annotations_collapse": [[null, "100%", null], ["100%\n\u00b10.00", "100%\n\u00b10.00", "100%\n\u00b10.00"], ["100%\n\u00b10.00", "100%\n\u00b10.00", "100%\n\u00b10.00"], ["67%\n\u00b10.27", "100%\n\u00b10.00", "100%\n\u00b10.00"], ["33%\n\u00b10.27", "67%\n\u00b10.27", "100%\n\u00b10.00"]], "grid_firms": [[NaN, 1.0, NaN], [2.0, 1.0, 1.0], [1.6666666666666667, 1.0, 1.0], [4.333333333333333, 1.0, 1.0], [4.666666666666667, 3.3333333333333335, 1.0]], "annotations_firms": [[null, "1.0", null], ["2.0\n\u00b10.0", "1.0\n\u00b10.0", "1.0\n\u00b10.0"], ["1.7\n\u00b10.3", "1.0\n\u00b10.0", "1.0\n\u00b10.0"], ["4.3\n\u00b10.3", "1.0\n\u00b10.0", "1.0\n\u00b10.0"], ["4.7\n\u00b10.3", "3.3\n\u00b11.2", "1.0\n\u00b10.0"]], "per_seed_firms": {"1,2": [1, 1, 1], "1,0": [2, 2, 2], "1,1": [1, 1, 1], "0,1": [1], "2,0": [2, 2, 1], "2,2": [1, 1, 1], "2,1": [1, 1, 1], "3,0": [5, 4, 4], "3,1": [1, 1, 1], "3,2": [1, 1, 1], "4,0": [4, 5, 5], "4,1": [5, 1, 4], "4,2": [1, 1, 1]}, "available": [[false, true, false], [true, true, true], [true, true, true], [true, true, true], [true, true, true]], "single_seed": [[false, true, false], [false, false, false], [false, false, false], [false, false, false], [false, false, false]]}}