{"_meta": {"logs_dir": "C:\\Users\\cbcro\\OneDrive - Princeton University\\Thesis\\AI-Bazaar\\AI-Bazaar\\logs\\exp1_gemini-2.5-flash", "good": "food", "created": 1774239884.6235805}, "data": {"grid_median": [[NaN, 27.0, NaN], [99.0, 31.0, 12.0], [101.0, 27.0, 12.0], [230.0, 42.0, 22.0], [98.0, 176.0, 25.0]], "grid_se": [[NaN, NaN, NaN], [12.862520921049825, 3.2145502536643185, 2.5166114784235836], [18.675593103775253, 0.881917103688197, 1.5275252316519468], [2.0, 8.18535277187245, 2.0], [NaN, 93.99999999999999, 2.0275875100994067]], "per_seed": {"1,2": [12, 19, 11], "1,0": [62, 99, 102], "1,1": [31, 35, 24], "0,1": [27], "2,0": [101, 116, 54], "2,2": [12, 11, 16], "2,1": [25, 28, 27], "3,0": [-1, 228, 232], "3,1": [36, 63, 42], "3,2": [22, 22, 16], "4,0": [98, -1, -1], "4,1": [82, -1, 270], "4,2": [21, 28, 25]}, "available": [[false, true, false], [true, true, true], [true, true, true], [true, true, true], [true, true, true]]}}