{"_meta": {"logs_dir": "C:\\Users\\cbcro\\OneDrive - Princeton University\\Thesis\\AI-Bazaar\\AI-Bazaar\\logs\\exp2_anthropic_claude-sonnet-4-6", "good": "car", "created": 1774890553.9387536}, "data": {"agg": {"0,1": {"ts": [0.0, 1.0, 2.0, 3.0, 4.0, 5.0, 6.0, 7.0, 8.0, 9.0, 10.0, 11.0, 12.0, 13.0, 14.0, 15.0, 16.0, 17.0, 18.0, 19.0, 20.0, 21.0, 22.0, 23.0, 24.0, 25.0, 26.0, 27.0, 28.0, 29.0, 30.0, 31.0, 32.0, 33.0, 34.0, 35.0, 36.0, 37.0, 38.0, 39.0, 40.0, 41.0, 42.0, 43.0, 44.0, 45.0, 46.0, 47.0, 48.0, 49.0], "mean": [1138.888888888889, 550.3968253968254, 682.5396825396825, 883.3333333333334, 392.6587301587301, 798.611111111111, 1618.2539682539682, 338.0952380952381, 791.6666666666666, 1823.015873015873, 958.3333333333334, 753.0158730158731, 783.3333333333334, 805.5555555555555, 856.388888888889, 1352.7777777777778, 1010.4761904761905, 708.3333333333334, 728.5714285714286, 1220.8333333333333, 1041.6666666666667, 738.0952380952381, 1268.0555555555554, 869.0476190476189, 566.6666666666666, 955.6216931216932, 1027.7777777777776, 1127.9761904761906, 1178.095238095238, 825.3968253968255, 1008.3333333333334, 1262.5, 1430.0, 715.2777777777777, 622.2222222222222, 442.06349206349205, 940.6746031746032, 1061.5079365079366, 859.5238095238095, 430.5555555555555, 683.3333333333334, 941.111111111111, 1235.7142857142856, 927.6190476190476, 1354.7619047619048, 1333.3333333333333, 1287.6984126984128, 1326.1904761904761, 1231.25, 1300.0], "std": [749.4854201795579, 290.59380479500174, 273.08969101722624, 154.56030825826173, 779.7210599585646, 345.41194765127466, 960.0097893596788, 64.2416074439621, 401.0980299498236, 376.84458570310727, 939.734990224293, 395.2525018092168, 164.9915822768611, 321.55102507750627, 365.90598704861975, 550.0981954990928, 317.8613340190957, 673.2771748656056, 315.79723107789056, 449.62690294493257, 251.93694096384957, 801.9604663380615, 324.827827139164, 589.2556509887896, 94.28090415820634, 739.0092255435906, 566.5577237325316, 400.9139572698696, 308.38692308699757, 352.7954090617916, 92.04467514322717, 842.3058628946296, 290.6314963431642, 427.74621095651366, 172.84832429004493, 567.2676995767688, 200.92869070970167, 427.9739368257918, 682.391087553085, 399.77327679511814, 259.27248643506744, 477.30984837736656, 240.3936680660672, 1329.733917086209, 174.02139728211054, 733.8588098772591, 1232.361698736607, 434.73087043044853, 789.0362000567528, 883.1760866327846]}, "9,0": {"ts": [0.0, 1.0, 2.0, 3.0, 4.0, 5.0, 6.0, 7.0, 8.0, 9.0, 10.0, 11.0, 12.0, 13.0, 14.0, 15.0, 16.0, 17.0, 18.0, 19.0, 20.0, 21.0, 22.0, 23.0, 24.0, 25.0, 26.0, 27.0, 28.0, 29.0, 30.0, 31.0, 32.0, 33.0, 34.0, 35.0, 36.0, 37.0, 38.0, 39.0, 40.0, 41.0, 42.0, 43.0, 44.0, 45.0, 46.0, 47.0, 48.0, 49.0], "mean": [-22685.714285714286, -23406.94444444445, -27111.904761904763, -12688.88888888889, -12200.0, -5636.666666666667, -8633.333333333334, -6930.555555555555, -4916.666666666667, -5911.111111111112, -9083.333333333334, -11266.666666666666, -8294.444444444443, -5644.444444444445, -7166.666666666667, -9972.222222222223, 416.6666666666667, -8112.5, -17666.666666666668, -4583.333333333333, -6770.833333333333, -4916.666666666667, 305.55555555555554, -6208.333333333333, -3322.2222222222226, -22144.44444444444, -4083.3333333333335, 0.0, -6583.333333333333, -5525.0, -4333.333333333333, -1944.4444444444443, -55.55555555555558, -2722.222222222222, -20816.666666666668, -5333.333333333333, 1194.4444444444446, -4833.333333333333, 611.1111111111112, 500.0, -4527.777777777778, 55.55555555555558, -6583.333333333333, -500.0, -4966.666666666667, 1250.0, -11988.888888888889, -1333.3333333333333, -14833.333333333334, -9416.666666666666], "std": [1730.3119926292877, 7476.58097777881, 4442.6287390889065, 8271.787541747097, 9793.960724174192, 7848.610634302666, 13276.315586620993, 5787.551828954925, 6678.115169883057, 4047.5262983459997, 8124.893161690737, 7772.315542287825, 13324.624470653973, 3584.233306449474, 5842.056969050339, 13228.81488304514, 772.8015412913086, 7511.955748449712, 16032.952178421652, 6659.371008002349, 5762.742523216606, 8821.00817283292, 861.5590232928234, 9707.349735581225, 6619.014883250479, 4063.052431575107, 5959.353059593708, 408.248290463863, 8316.928296931283, 4149.447754420661, 7961.713941664125, 2187.224409447725, 1157.370369777759, 4208.310414312361, 17266.554053686825, 7030.686705831484, 398.68611373353673, 6561.673228343177, 2123.864983735031, 0.0, 6587.141420887017, 671.280331866365, 9883.347386162017, 1471.9601443879744, 7023.927359786372, 1060.6601717798212, 13858.820786064263, 7813.805446487361, 9507.307131301106, 8216.12010803333]}, "0,0": {"ts": [0.0, 1.0, 2.0, 3.0, 4.0, 5.0, 6.0, 7.0, 8.0, 9.0, 10.0, 11.0, 12.0, 13.0, 14.0, 15.0, 16.0, 17.0, 18.0, 19.0, 20.0, 21.0, 22.0, 23.0, 24.0, 25.0, 26.0, 27.0, 28.0, 29.0, 30.0, 31.0, 32.0, 33.0, 34.0, 35.0, 36.0, 37.0, 38.0, 39.0, 40.0, 41.0, 42.0, 43.0, 44.0, 45.0, 46.0, 47.0, 48.0, 49.0], "mean": [803.5714285714284, 151.7857142857143, 925.2380952380953, 983.888888888889, 825.5555555555555, 1033.3333333333333, 469.52380952380946, 238.88888888888889, 308.3333333333333, 1152.7777777777776, 1438.888888888889, 659.9206349206348, 791.6666666666666, 522.2222222222223, 1641.6666666666667, 550.0, 461.1111111111111, 881.7460317460318, 933.3333333333334, 1369.4444444444443, 930.5555555555557, 1570.6349206349205, 1861.1111111111113, 988.8888888888888, 83.33333333333333, 972.2222222222223, 486.1111111111111, 1686.6666666666667, -430.5555555555556, 995.0, 707.1428571428572, 1261.9047619047617, 2184.7619047619046, 944.4444444444445, 611.1111111111112, 777.7777777777778, 882.5396825396825, 1250.0, 1600.0, -363.88888888888886, 500.0, 1208.3333333333333, 458.3333333333333, 1308.3333333333333, 261.9047619047619, 866.6666666666666, 827.7777777777777, 1225.0, 730.5555555555557, 513.8888888888888], "std": [129.59250629212642, 596.3234153093927, 250.59475737992577, 327.39242885127294, 238.9224782587104, 313.876597596123, 254.76502000765555, 242.03356567546626, 660.2819263180102, 199.34305686676834, 449.3479500864709, 298.0731984685149, 688.0258931389353, 699.9118110232721, 421.47228721339303, 533.8539126015655, 395.8893722515526, 253.92112657980547, 758.6537784494028, 791.924909147575, 684.0894642235972, 758.8488649917182, 1647.5758473707688, 577.5640630385345, 413.87956738198164, 374.74271008977894, 119.47673982003649, 197.54043186705405, 1479.932639441387, 516.4461895170364, 369.8225351205537, 321.2080372198105, 737.2326757141124, 274.9859704614351, 103.93492741038726, 410.13397389537226, 161.26546675731765, 540.0617248673217, 787.4007874011811, 1463.76501689696, 735.9800721939872, 336.8563821901289, 460.2233757161358, 428.3365758632132, 752.1699523300626, 449.6912521077347, 445.20767799220386, 541.2177627043172, 587.5377581772516, 1108.8518697895597]}, "3,1": {"ts": [0.0, 1.0, 2.0, 3.0, 4.0, 5.0, 6.0, 7.0, 8.0, 9.0, 10.0, 11.0, 12.0, 13.0, 14.0, 15.0, 16.0, 17.0, 18.0, 19.0, 20.0, 21.0, 22.0, 23.0, 24.0, 25.0, 26.0, 27.0, 28.0, 29.0, 30.0, 31.0, 32.0, 33.0, 34.0, 35.0, 36.0, 37.0, 38.0, 39.0, 40.0, 41.0, 42.0, 43.0, 44.0, 45.0, 46.0, 47.0, 48.0, 49.0], "mean": [-8201.587301587302, -10628.57142857143, -3192.0634920634916, -2344.444444444445, 690.4761904761905, -2286.6666666666665, 681.7460317460317, 38.88888888888888, -392.85714285714283, -732.5396825396825, -1593.452380952381, -1742.0634920634923, 580.952380952381, -85.0, 1263.888888888889, -459.3253968253968, 987.3015873015873, 457.14285714285717, 921.031746031746, 219.04761904761904, 608.3333333333334, 472.22222222222223, 650.0, 622.2222222222223, 394.4444444444444, -1298.611111111111, 142.85714285714286, 0.0, 0.0, 0.0, 0.0, 0.0, 0.0, 0.0, 0.0, 0.0, 0.0, 0.0, 0.0, 0.0, 0.0, 0.0, 0.0, 0.0, 0.0, 0.0, 0.0, 0.0, 0.0, 0.0],