{"_meta": {"logs_dir": "C:\\Users\\cbcro\\OneDrive - Princeton University\\Thesis\\AI-Bazaar\\AI-Bazaar\\logs\\exp2_anthropic_claude-sonnet-4-6", "good": "car", "created": 1774890561.3481233}, "data": {"honest": {"0,1": {"ts": [0.0, 1.0, 2.0, 3.0, 4.0, 5.0, 6.0, 7.0, 8.0, 9.0, 10.0, 11.0, 12.0, 13.0, 14.0, 15.0, 16.0, 17.0, 18.0, 19.0, 20.0, 21.0, 22.0, 23.0, 24.0, 25.0, 26.0, 27.0, 28.0, 29.0, 30.0, 31.0, 32.0, 33.0, 34.0, 35.0, 36.0, 37.0, 38.0, 39.0, 40.0, 41.0, 42.0, 43.0, 44.0, 45.0, 46.0, 47.0, 48.0, 49.0], "mean": [0.8083333333333335, 0.8222222222222223, 0.8277777777777778, 0.8416666666666668, 0.8611111111111112, 0.8694444444444445, 0.8805555555555555, 0.8861111111111111, 0.8888888888888888, 0.8944444444444445, 0.9055555555555556, 0.9166666666666666, 0.9222222222222222, 0.9194444444444444, 0.9333333333333332, 0.936111111111111, 0.936111111111111, 0.9388888888888888, 0.9500000000000001, 0.9500000000000001, 0.9555555555555556, 0.9611111111111112, 0.9666666666666668, 0.9666666666666668, 0.9666666666666668, 0.9750000000000001, 0.9805555555555556, 0.9888888888888889, 0.9916666666666667, 0.9916666666666667, 0.9916666666666667, 0.9944444444444445, 0.9972222222222222, 1.0, 1.0, 1.0, 1.0, 1.0, 1.0, 1.0, 1.0, 1.0, 1.0, 1.0, 1.0, 1.0, 1.0, 1.0, 1.0, 1.0], "std": [0.006804138174397693, 0.01039349274103869, 0.01416394309331324, 0.02453266907313287, 0.025760051376376915, 0.019641855032959635, 0.01712337223046936, 0.010393492741038738, 0.014163943093313291, 0.01712337223046936, 0.020786985482077476, 0.024532669073132923, 0.01964185503295969, 0.02187224409447728, 0.018002057495577428, 0.015713484026367772, 0.015713484026367772, 0.01964185503295969, 0.018002057495577393, 0.018002057495577393, 0.01416394309331324, 0.017123372230469367, 0.018002057495577376, 0.018002057495577376, 0.018002057495577376, 0.011785113019775804, 0.010393492741038738, 0.003928371006591917, 0.006804138174397693, 0.006804138174397693, 0.006804138174397693, 0.003928371006591917, 0.003928371006591917, 0.0, 0.0, 0.0, 0.0, 0.0, 0.0, 0.0, 0.0, 0.0, 0.0, 0.0, 0.0, 0.0, 0.0, 0.0, 0.0, 0.0]}, "9,0": {"ts": [0.0, 1.0, 2.0, 3.0, 4.0, 5.0, 6.0, 7.0, 8.0, 9.0, 10.0, 11.0, 12.0, 13.0, 14.0, 15.0, 16.0, 17.0, 18.0, 19.0, 20.0, 21.0, 22.0, 23.0, 24.0, 25.0, 26.0, 27.0, 28.0, 29.0, 30.0, 31.0, 32.0, 33.0, 34.0, 35.0, 36.0, 37.0, 38.0, 39.0, 40.0, 41.0, 42.0, 43.0, 44.0, 45.0, 46.0, 47.0, 48.0, 49.0], "mean": [0.8280555555555557, 0.8133333333333335, 0.7961111111111111, 0.7876388888888889, 0.7898611111111111, 0.7854166666666668, 0.7852777777777776, 0.78125, 0.7833333333333333, 0.7811111111111111, 0.778888888888889, 0.7743055555555555, 0.7701388888888889, 0.7656944444444443, 0.7634722222222222, 0.76125, 0.76125, 0.7694444444444444, 0.765, 0.7605555555555555, 0.7583333333333333, 0.7672222222222222, 0.7694444444444444, 0.7756944444444445, 0.7861111111111111, 0.81, 0.8211111111111111, 0.8211111111111111, 0.8166666666666668, 0.8123611111111111, 0.8101388888888889, 0.8101388888888889, 0.8101388888888889, 0.82125, 0.8190277777777778, 0.8168055555555555, 0.8168055555555555, 0.8168055555555555, 0.8168055555555555, 0.8168055555555555, 0.8145833333333333, 0.8145833333333333, 0.810138888888889, 0.810138888888889, 0.8079166666666667, 0.8079166666666667, 0.8034722222222221, 0.8034722222222221, 0.7968055555555557, 0.80375], "std": [0.007211530547637303, 0.010886621079036327, 0.01847587683146212, 0.029250540777949214, 0.026141383161191925, 0.02133018639983842, 0.0163346560310991, 0.02706944088136341, 0.023570226039551605, 0.022166597048066686, 0.02042752923427804, 0.013054077930565776, 0.018857203817174723, 0.01575394326494356, 0.013945717073401335, 0.018393210301227616, 0.018393210301227616, 0.0167957960642567, 0.01779513042005217, 0.02404984535768149, 0.02240205017072883, 0.009844469525927383, 0.00671280331866365, 0.013879163261504837, 0.028032168470095233, 0.03741657386773941, 0.023147407395555167, 0.023147407395555167, 0.028674417556808784, 0.026034906529978037, 0.026141383161191925, 0.026141383161191925, 0.026141383161191925, 0.016141016306521972, 0.017481250979334104, 0.019246011291103506, 0.019246011291103506, 0.019246011291103506, 0.019246011291103506, 0.019246011291103506, 0.020623947784607615, 0.020623947784607615, 0.02438202257179163, 0.02438202257179163, 0.026621054741605504, 0.026621054741605504, 0.029627965809766482, 0.029627965809766482, 0.03493435201370255, 0.01963497918021324]}, "0,0": {"ts": [0.0, 1.0, 2.0, 3.0, 4.0, 5.0, 6.0, 7.0, 8.0, 9.0, 10.0, 11.0, 12.0, 13.0, 14.0, 15.0, 16.0, 17.0, 18.0, 19.0, 20.0, 21.0, 22.0, 23.0, 24.0, 25.0, 26.0, 27.0, 28.0, 29.0, 30.0, 31.0, 32.0, 33.0, 34.0, 35.0, 36.0, 37.0, 38.0, 39.0, 40.0, 41.0, 42.0, 43.0, 44.0, 45.0, 46.0, 47.0, 48.0, 49.0], "mean": [0.8055555555555557, 0.8166666666666668, 0.8305555555555556, 0.8361111111111112, 0.8444444444444446, 0.8555555555555556, 0.8666666666666667, 0.875, 0.8777777777777778, 0.8861111111111111, 0.8972222222222221, 0.9055555555555556, 0.9166666666666666, 0.9277777777777779, 0.938888888888889, 0.9472222222222223, 0.9666666666666667, 0.9722222222222223, 0.9777777777777779, 0.9805555555555556, 0.9833333333333334, 0.9916666666666667, 0.9916666666666667, 0.9916666666666667, 0.9916666666666667, 0.9944444444444445, 0.9944444444444445, 0.9972222222222222, 0.9972222222222222, 0.9972222222222222, 1.0, 1.0, 1.0, 1.0, 1.0, 1.0, 1.0, 1.0, 1.0, 1.0, 1.0, 1.0, 1.0, 1.0, 1.0, 1.0, 1.0, 1.0, 1.0, 1.0], "std": [0.003928371006591917, 0.006804138174397693, 0.015713484026367668, 0.019641855032959635, 0.019641855032959635, 0.021872244094477227, 0.018002057495577376, 0.018002057495577362, 0.014163943093313277, 0.014163943093313291, 0.017123372230469367, 0.02389534796400726, 0.018002057495577328, 0.014163943093313343, 0.014163943093313314, 0.014163943093313314, 0.006804138174397693, 0.007856742013183886, 0.003928371006591969, 0.00392837100659197, 0.006804138174397738, 0.006804138174397693, 0.006804138174397693, 0.006804138174397693, 0.006804138174397693, 0.003928371006591917, 0.003928371006591917, 0.003928371006591917, 0.003928371006591917, 0.003928371006591917, 0.0, 0.0, 0.0, 0.0, 0.0, 0.0, 0.0, 0.0, 0.0, 0.0, 0.0, 0.0, 0.0, 0.0, 0.0, 0.0, 0.0, 0.0, 0.0, 0.0]}, "3,1": {"ts": [0.0, 1.0, 2.0, 3.0, 4.0, 5.0, 6.0, 7.0, 8.0, 9.0, 10.0, 11.0, 12.0, 13.0, 14.0, 15.0, 16.0, 17.0, 18.0, 19.0, 20.0, 21.0, 22.0, 23.0, 24.0, 25.0, 26.0, 27.0, 28.0, 29.0, 30.0, 31.0, 32.0, 33.0, 34.0, 35.0, 36.0, 37.0, 38.0, 39.0, 40.0, 41.0, 42.0, 43.0, 44.0, 45.0, 46.0, 47.0, 48.0, 49.0], "mean": [0.7916666666666666, 0.7888888888888889, 0.7916666666666666, 0.7999999999999999, 0.8222222222222223, 0.8305555555555556, 0.8361111111111111, 0.8388888888888889, 0.8444444444444446, 0.8500000000000001, 0.8638888888888889, 0.8611111111111112, 0.8666666666666667, 0.8722222222222222, 0.8722222222222222, 0.8722222222222222, 0.875, 0.8777777777777778, 0.8777777777777778, 0.8833333333333333, 0.8833333333333333, 0.8861111111111111, 0.8861111111111111, 0.8861111111111111, 0.8888888888888888, 0.8861111111111111, 0.8861111111111111, 0.8861111111111111, 0.8861111111111111, 0.8861111111111111, 0.8861111111111111, 0.8861111111111111, 0.8861111111111111, 0.8861111111111111, 0.8861111111111111, 0.8861111111111111, 0.8861111111111111, 0.8861111111111111, 0.8861111111111111, 0.8861111111111111, 0.8861111111111111, 0.8861111111111111, 0.8861111111111111, 0.8861111111111111, 0.8861111111111111, 0.8861111111111111, 0.8861111111111111, 0.8861111111111111, 0.8861111111111111, 0.8861111111111111],