{"_meta": {"logs_dir": "C:\\Users\\cbcro\\OneDrive - Princeton University\\Thesis\\AI-Bazaar\\AI-Bazaar\\logs\\exp2_anthropic_claude-sonnet-4-6", "good": "car", "created": 1774890553.9387536}, "data": {"agg": {"0,1": null, "9,0": {"ts": [0.0, 1.0, 2.0, 3.0, 4.0, 5.0, 6.0, 7.0, 8.0, 9.0, 10.0, 11.0, 12.0, 13.0, 14.0, 15.0, 16.0, 17.0, 18.0, 19.0, 20.0, 21.0, 22.0, 23.0, 24.0, 25.0, 26.0, 27.0, 28.0, 29.0, 30.0, 31.0, 32.0, 33.0, 34.0, 35.0, 36.0, 37.0, 38.0, 39.0, 40.0, 41.0, 42.0, 43.0, 44.0, 45.0, 46.0, 47.0, 48.0, 49.0], "mean": [0.07491582491582492, 0.1807239057239057, 0.16578182619849288, 0.24989077280743946, 0.21405916614249945, 0.2382864593648907, 0.2544374057983449, 0.2672481120817034, 0.2708703964253724, 0.2750950266644393, 0.27708102429033626, 0.27068618031698993, 0.2669531503697166, 0.2739532443725783, 0.27365121583673924, 0.27001158889618654, 0.27415649636563516, 0.27641235234463113, 0.27004592182962645, 0.27591166485305346, 0.2728706949424766, 0.2813812550789322, 0.28344477571495247, 0.2894702798324315, 0.2947005367607843, 0.2835856581452848, 0.2847058665059948, 0.284039976705157, 0.2903374487302879, 0.2894543855116656, 0.27989205741204387, 0.2751550115012687, 0.2796879988503455, 0.2814309329634921, 0.2810342598705648, 0.2757389557754509, 0.27524927153582174, 0.27837481887991217, 0.27659077252095504, 0.2756132639379114, 0.27679940703550526, 0.27891281801419254, 0.2806575876764555, 0.2756164874483153, 0.27531095136870604, 0.27298659732354685, 0.2720849140932709, 0.2699355362562749, 0.2642424707827519, 0.2622256983554493], "std": [0.1319442766311715, 0.1049042265635586, 0.03985911986093733, 0.06855628593889765, 0.07873940539053631, 0.05199251577842231, 0.037197504000679164, 0.036636634493010696, 0.03714596734111568, 0.04432299543272236, 0.027476763150069836, 0.023257217732873363, 0.02324816966475964, 0.015724096119722173, 0.018747642311180104, 0.008687193875294002, 0.008086824098020055, 0.004512004999110286, 0.007593943563053337, 0.009438816064224106, 0.008138062305823281, 0.01657096736530075, 0.010599063433688407, 0.004824957446050924, 0.006947177303080161, 0.009574476514417863, 0.007778647275563772, 0.008033145301252176, 0.00561321235942826, 0.008786578174741383, 0.011229229613150942, 0.010838085651755725, 0.011618025422566316, 0.007901570087211271, 0.009716335035122661, 0.008425555498968625, 0.011095292907388882, 0.010374575619389209, 0.007883311572895351, 0.006867475665688594, 0.005845502709747497, 0.007742878350183394, 0.009462520215673254, 0.008135622881915603, 0.006489241003076125, 0.008502318330871696, 0.012901567036267046, 0.011052317654081514, 0.010956120024898146, 0.009032409183456904]}, "0,0": null, "3,1": {"ts": [0.0, 1.0, 2.0, 3.0, 4.0, 5.0, 6.0, 7.0, 8.0, 9.0, 10.0, 11.0, 12.0, 13.0, 14.0, 15.0, 16.0, 17.0, 18.0, 19.0, 20.0, 21.0, 22.0, 23.0, 24.0, 25.0, 26.0, 27.0, 28.0, 29.0, 30.0, 31.0, 32.0, 33.0, 34.0, 35.0, 36.0, 37.0, 38.0, 39.0, 40.0, 41.0, 42.0, 43.0, 44.0, 45.0, 46.0, 47.0, 48.0, 49.0], "mean": [-0.07407407407407406, -0.0783249158249158, 0.07199074074074073, 0.15278880070546735, 0.19464139255805923, 0.20709404293963118, 0.2395082894115402, 0.2665435973937006, 0.2737556864273112, 0.2820172279971715, 0.2940451252375992, 0.2960277806854518, 0.301766178442872, 0.3060845005386258, 0.3115289499184186, 0.3192018523302958, 0.3188512932984462, 0.3265404902240521, 0.330120807294513, 0.3341541902795288, 0.3319051982854795, 0.32940330178093485, 0.32448523023326664, 0.31838732928068936, 0.316814564938007, 0.3138328113214645, 0.31275429887960454, 0.30267337901614993, 0.2912436277225415, 0.2836244391421891, 0.27472904417932315, 0.2656361527579005, 0.25638288105570733, 0.24714065734082535, 0.23992328789013226, 0.23405038728922248, 0.22734698002816725, 0.22154881423555103, 0.21586920548343413, 0.2106141877509252, 0.20554545436873614, 0.2006455053429305, 0.19672678259828022, 0.19228915811224737, 0.18745712960530658, 0.18352782318248395, 0.17922845172655907, 0.1753808425872291, 0.17148752712872314, 0.1676204541783711], "std": [0.3444021280258757, 0.1652331709672772, 0.11837889043406483, 0.08437525738774702, 0.07833949607373965, 0.07018949630385928, 0.058517794214201405, 0.05399496859587658, 0.03324814688930014, 0.0383212372302899, 0.03931368752901276, 0.02844311276364738, 0.026246430092643647, 0.024457434761706774, 0.022624862314971843, 0.02777994922588579, 0.025584377163684113, 0.023702851560140067, 0.021487629222769998, 0.020531102218694856, 0.02668081552186151, 0.033621823672010255, 0.03905752434287933, 0.04334440043210892, 0.04832407050056687, 0.053376011276771, 0.057761057837860785, 0.05588424304045336, 0.0547334408854114, 0.05376404985146516, 0.05156839420245932, 0.050978527866979796, 0.04933725471749553, 0.04779192243299933, 0.04617623053596812, 0.045251919057738545, 0.04319106890666954, 0.041722960311102994, 0.04078972281208174, 0.04009567074691011, 0.03944229952777745, 0.03903241994225375, 0.03758930885995783, 0.0363596133364687, 0.03542382855183889, 0.03486605923930376, 0.03425862037179165, 0.03390529418289059, 0.033517654648873615, 0.032825178583157914]}, "6,1": {"ts": [0.0, 1.0, 2.0, 3.0, 4.0, 5.0, 6.0, 7.0, 8.0, 9.0, 10.0, 11.0, 12.0, 13.0, 14.0, 15.0, 16.0, 17.0, 18.0, 19.0, 20.0, 21.0, 22.0, 23.0, 24.0, 25.0, 26.0, 27.0, 28.0, 29.0, 30.0, 31.0, 32.0, 33.0, 34.0, 35.0, 36.0, 37.0, 38.0, 39.0, 40.0, 41.0, 42.0, 43.0, 44.0, 45.0, 46.0, 47.0, 48.0, 49.0], "mean": [0.13762626262626254, 0.18379629629629635, 0.25545634920634913, 0.28716730800064133, 0.3400132275132275, 0.38132415424082095, 0.40542320333987, 0.4107455815789149, 0.4266670058336724, 0.42922349575471347, 0.4381742281864831, 0.4528388258310691, 0.46480285835711643, 0.46463927058358045, 0.46158389343503997, 0.45493279316462115, 0.4598658612897056, 0.4659504842376469, 0.46885565577379246, 0.4666547495065901, 0.46805307464876916, 0.46778601717373425, 0.4669283498882737, 0.4639126720385392, 0.46409037787004576, 0.4659710953186082, 0.4679163065350691, 0.47213923704971145, 0.4738833804968065, 0.47850285220447414, 0.4802219484839358, 0.48064606506097124, 0.47891463867491096, 0.4809113513510544, 0.4810465483651562, 0.4810583543637579, 0.4790849142261082, 0.4813857547766501, 0.482467955098006, 0.48378909895225225, 0.4841234403154928, 0.4833447318229553, 0.4819056045335642, 0.4826260637477726, 0.48266014614693625, 0.4832902426185061, 0.4859072459407543, 0.48598133198975363, 0.4870917739749488, 0.4874987251276253], "std": [0.4806909553036797, 0.27330033425214095, 0.09330345276061411, 0.06302678145572407, 0.052653766846488106, 0.0412370413861965, 0.032273506801039964, 0.0315198107169865, 0.028084923215382102, 0.032044198641274974, 0.02807771928506415, 0.025391577458257646, 0.027951730160635607, 0.022824385579336637, 0.03234618142552096, 0.02741298786983018, 0.02912636083067467, 0.02972694790580735, 0.02620806583035426, 0.022726419997807307, 0.021660456223546055, 0.024947389391245408, 0.023655338743506144, 0.02111658669553698, 0.017501538742166395, 0.015885244343065014, 0.014654310602255529, 0.01042706172240492, 0.012799784312416287, 0.012088500679311286, 0.01227476191834072, 0.010640828933117153, 0.008786368190245156, 0.01015441443449609, 0.0106080264379494, 0.010392599276819608, 0.009730792797457073, 0.007964101690413793, 0.008538852731195616, 0.009036606064696752, 0.008735075537885214, 0.01027534155696773, 0.011318134231389419, 0.011260341665884159, 0.012417205942172332, 0.013218328243808176, 0.013669251451305446, 0.014241229288436637, 0.01335479425753667, 0.013838182449819929]}, "3,0": {"ts": [0.0, 1.0, 2.0, 3.0, 4.0, 5.0, 6.0, 7.0, 8.0, 9.0, 10.0, 11.0, 12.0, 13.0, 14.0, 15.0, 16.0, 17.0, 18.0, 19.0, 20.0, 21.0, 22.0, 23.0, 24.0, 25.0, 26.0, 27.0, 28.0, 29.0, 30.0, 31.0, 32.0, 33.0, 34.0, 35.0, 36.0, 37.0, 38.0, 39.0, 40.0, 41.0, 42.0, 43.0, 44.0, 45.0, 46.0, 47.0, 48.0, 49.0],