{"_meta": {"logs_dir": "C:\\Users\\cbcro\\OneDrive - Princeton University\\Thesis\\AI-Bazaar\\AI-Bazaar\\logs\\exp2_anthropic_claude-sonnet-4-6", "good": "car", "created": 1774890553.9823542}, "data": {"agg": {"0,1": {"ts": [0.0, 1.0, 2.0, 3.0, 4.0, 5.0, 6.0, 7.0, 8.0, 9.0, 10.0, 11.0, 12.0, 13.0, 14.0, 15.0, 16.0, 17.0, 18.0, 19.0, 20.0, 21.0, 22.0, 23.0, 24.0, 25.0, 26.0, 27.0, 28.0, 29.0, 30.0, 31.0, 32.0, 33.0, 34.0, 35.0, 36.0, 37.0, 38.0, 39.0, 40.0, 41.0, 42.0, 43.0, 44.0, 45.0, 46.0, 47.0, 48.0, 49.0], "mean": [0.0, 0.0, 0.0, 0.0, 0.0, 0.0, 0.0, 0.0, 0.0, 0.0, 0.0, 0.0, 0.0, 0.0, 0.0, 0.0, 0.0, 0.0, 0.0, 0.0, 0.0, 0.0, 0.0, 0.0, 0.0, 0.0, 0.0, 0.0, 0.0, 0.0, 0.0, 0.0, 0.0, 0.0, 0.0, 0.0, 0.0, 0.0, 0.0, 0.0, 0.0, 0.0, 0.0, 0.0, 0.0, 0.0, 0.0, 0.0, 0.0, 0.0], "std": [0.0, 0.0, 0.0, 0.0, 0.0, 0.0, 0.0, 0.0, 0.0, 0.0, 0.0, 0.0, 0.0, 0.0, 0.0, 0.0, 0.0, 0.0, 0.0, 0.0, 0.0, 0.0, 0.0, 0.0, 0.0, 0.0, 0.0, 0.0, 0.0, 0.0, 0.0, 0.0, 0.0, 0.0, 0.0, 0.0, 0.0, 0.0, 0.0, 0.0, 0.0, 0.0, 0.0, 0.0, 0.0, 0.0, 0.0, 0.0, 0.0, 0.0]}, "9,0": {"ts": [0.0, 1.0, 2.0, 3.0, 4.0, 5.0, 6.0, 7.0, 8.0, 9.0, 10.0, 11.0, 12.0, 13.0, 14.0, 15.0, 16.0, 17.0, 18.0, 19.0, 20.0, 21.0, 22.0, 23.0, 24.0, 25.0, 26.0, 27.0, 28.0, 29.0, 30.0, 31.0, 32.0, 33.0, 34.0, 35.0, 36.0, 37.0, 38.0, 39.0, 40.0, 41.0, 42.0, 43.0, 44.0, 45.0, 46.0, 47.0, 48.0, 49.0], "mean": [0.7998689847296067, 0.7009960568024339, 0.8525011278301511, 0.4901179082733887, 0.5625, 0.21417699499891282, 0.2410901467505241, 0.38385840108401087, 0.2118380062305296, 0.2918868982244189, 0.2777777777777778, 0.46464447076369697, 0.24367088607594936, 0.3059992291453768, 0.3290781188508461, 0.3333333333333333, 0.0, 0.41365461847389556, 0.6041666666666666, 0.20754716981132074, 0.32336401462615055, 0.25357873210633947, 0.0, 0.3132328308207705, 0.2106038291605302, 0.8925718725718726, 0.16153846153846155, 0.0, 0.25882352941176473, 0.37460523158147346, 0.28048780487804875, 0.0, 0.0, 0.14788732394366197, 0.636302294197031, 0.2839506172839506, 0.0, 0.21698113207547168, 0.0, 0.0, 0.21678321678321677, 0.0, 0.31808278867102396, 0.0, 0.2116788321167883, 0.0, 0.4604051565377532, 0.27941176470588236, 0.648888888888889, 0.41918994849383484], "std": [0.0655182970193848, 0.1261460039675807, 0.10225250022654876, 0.35029005383190925, 0.40100784489416996, 0.30289201107577707, 0.34095295528911096, 0.27518058518661825, 0.2995841814372911, 0.23229122263136043, 0.3928371006591931, 0.33487556854225325, 0.344602671844077, 0.2167465134349786, 0.24933364086700843, 0.4714045207910317, 0.0, 0.29790104097537967, 0.4340138886666596, 0.2935160223793216, 0.2509341276695116, 0.35861448207415914, 0.0, 0.44297811752725086, 0.2978387914865281, 0.08802721052386378, 0.2284498831525769, 0.0, 0.3660317455553893, 0.27191670896326725, 0.396669657738795, 0.0, 0.0, 0.2091442592241901, 0.4514679362628255, 0.4015668140071752, 0.0, 0.30685765976019985, 0.0, 0.0, 0.3065777652696919, 0.0, 0.4498369936960172, 0.0, 0.29935907524685956, 0.0, 0.41207058852127065, 0.39514790713365894, 0.4593500507628169, 0.38317160503289627]}, "0,0": {"ts": [0.0, 1.0, 2.0, 3.0, 4.0, 5.0, 6.0, 7.0, 8.0, 9.0, 10.0, 11.0, 12.0, 13.0, 14.0, 15.0, 16.0, 17.0, 18.0, 19.0, 20.0, 21.0, 22.0, 23.0, 24.0, 25.0, 26.0, 27.0, 28.0, 29.0, 30.0, 31.0, 32.0, 33.0, 34.0, 35.0, 36.0, 37.0, 38.0, 39.0, 40.0, 41.0, 42.0, 43.0, 44.0, 45.0, 46.0, 47.0, 48.0, 49.0], "mean": [0.0, 0.0, 0.0, 0.0, 0.0, 0.0, 0.0, 0.0, 0.0, 0.0, 0.0, 0.0, 0.0, 0.0, 0.0, 0.0, 0.0, 0.0, 0.0, 0.0, 0.0, 0.0, 0.0, 0.0, 0.0, 0.0, 0.0, 0.0, 0.0, 0.0, 0.0, 0.0, 0.0, 0.0, 0.0, 0.0, 0.0, 0.0, 0.0, 0.0, 0.0, 0.0, 0.0, 0.0, 0.0, 0.0, 0.0, 0.0, 0.0, 0.0], "std": [0.0, 0.0, 0.0, 0.0, 0.0, 0.0, 0.0, 0.0, 0.0, 0.0, 0.0, 0.0, 0.0, 0.0, 0.0, 0.0, 0.0, 0.0, 0.0, 0.0, 0.0, 0.0, 0.0, 0.0, 0.0, 0.0, 0.0, 0.0, 0.0, 0.0, 0.0, 0.0, 0.0, 0.0, 0.0, 0.0, 0.0, 0.0, 0.0, 0.0, 0.0, 0.0, 0.0, 0.0, 0.0, 0.0, 0.0, 0.0, 0.0, 0.0]}, "3,1": {"ts": [0.0, 1.0, 2.0, 3.0, 4.0, 5.0, 6.0, 7.0, 8.0, 9.0, 10.0, 11.0, 12.0, 13.0, 14.0, 15.0, 16.0, 17.0, 18.0, 19.0, 20.0, 21.0, 22.0, 23.0, 24.0, 25.0, 26.0, 27.0, 28.0, 29.0, 30.0, 31.0, 32.0, 33.0, 34.0, 35.0, 36.0, 37.0, 38.0, 39.0, 40.0, 41.0, 42.0, 43.0, 44.0, 45.0, 46.0, 47.0, 48.0, 49.0], "mean": [0.27374046952992154, 0.3983620827107461, 0.1844314533725658, 0.15113871635610768, 0.0, 0.10973052627734059, 0.0, 0.0, 0.06070794807135519, 0.05943657384790751, 0.0764381402679275, 0.11056910569105692, 0.0, 0.0, 0.0, 0.04722792607802875, 0.0, 0.0, 0.0, 0.0, 0.0, 0.0, 0.0, 0.0, 0.0, 0.07005388760585066, 0.0, 0.0, 0.0, 0.0, 0.0, 0.0, 0.0, 0.0, 0.0, 0.0, 0.0, 0.0, 0.0, 0.0, 0.0, 0.0, 0.0, 0.0, 0.0, 0.0, 0.0, 0.0, 0.0, 0.0], "std": [0.19358901550526023, 0.29104168216221377, 0.1392222796700178, 0.2137424224704678, 0.0, 0.07971370004043057, 0.0, 0.0, 0.0858540035063521, 0.08405600883670081, 0.10809985464948008, 0.15636832884775684, 0.0, 0.0, 0.0, 0.06679037358230222, 0.0, 0.0, 0.0, 0.0, 0.0, 0.0, 0.0, 0.0, 0.0, 0.09907115794915446, 0.0, 0.0, 0.0, 0.0, 0.0, 0.0, 0.0, 0.0, 0.0, 0.0, 0.0, 0.0, 0.0, 0.0, 0.0, 0.0, 0.0, 0.0, 0.0, 0.0, 0.0, 0.0, 0.0, 0.0]}, "6,1": {"ts": [0.0, 1.0, 2.0, 3.0, 4.0, 5.0, 6.0, 7.0, 8.0, 9.0, 10.0, 11.0, 12.0, 13.0, 14.0, 15.0, 16.0, 17.0, 18.0, 19.0, 20.0, 21.0, 22.0, 23.0, 24.0, 25.0, 26.0, 27.0, 28.0, 29.0, 30.0, 31.0, 32.0, 33.0, 34.0, 35.0, 36.0, 37.0, 38.0, 39.0, 40.0, 41.0, 42.0, 43.0, 44.0, 45.0, 46.0, 47.0, 48.0, 49.0], "mean": [0.522061545774088, 0.5367714520760535, 0.33296236550352487, 0.312099173553719, 0.12828390247745086, 0.19753985922777664, 0.06989247311827958, 0.29431345188520414, 0.2332070707070707, 0.2890415652667857, 0.2798828461840588, 0.1561771561771562, 0.15818656229615133, 0.2545089835712901, 0.12722316711316708, 0.301035310669664, 0.13387034906022247, 0.08645276292335115, 0.0, 0.2644255389038696, 0.15340025343166044, 0.07536907536907538, 0.08880778588807786, 0.08355795148247978, 0.08610521349374851, 0.0796950796950797, 0.05476190476190476, 0.0, 0.05980239209568383, 0.10801393728222997, 0.0, 0.07264687302590019, 0.07897153351698806, 0.0, 0.20593187906620744, 0.0, 0.10914855630117588, 0.0, 0.0, 0.0714075382803298, 0.0, 0.090625, 0.12169312169312169, 0.0, 0.07192575406032482, 0.0, 0.0, 0.07191780821917808, 0.0, 0.07187500000000001], "std": [0.19069316688958055, 0.07151199393700518, 0.23586931408706116, 0.2310634126436357, 0.09074753570453307, 0.16298906058631063, 0.09884288339166793, 0.01072612386900501, 0.16906117743630977, 0.12488702811391078, 0.04591065472166762, 0.22086785239859524, 0.2237095817843937, 0.18313468695754026, 0.09046941236906389, 0.2533065028461784, 0.18932126324058696, 0.12226266983082908, 0.0, 0.09531987015784338, 0.11198218530976588, 0.10658796857046637, 0.12559317524724567, 0.11816878823063597, 0.12177116071388999, 0.11270586255918637, 0.07744502841566948, 0.0, 0.08457335396406966, 0.1527547750298465, 0.0, 0.10273819309722422, 0.11168261374112597, 0.0, 0.18374832645379494, 0.0, 0.07736461043987612, 0.0, 0.0, 0.10098550909171837, 0.0, 0.12816310409006174, 0.17210006314593218, 0.0, 0.10171837687602309, 0.0, 0.0, 0.10170713975970891, 0.0, 0.1016465997955662]}, "3,0": {"ts": [0.0, 1.0, 2.0, 3.0, 4.0, 5.0, 6.0, 7.0, 8.0, 9.0, 10.0, 11.0, 12.0, 13.0, 14.0, 15.0, 16.0, 17.0, 18.0, 19.0, 20.0, 21.0, 22.0, 23.0, 24.0, 25.0, 26.0, 27.0, 28.0, 29.0, 30.0, 31.0, 32.0, 33.0, 34.0, 35.0, 36.0, 37.0, 38.0, 39.0, 40.0, 41.0, 42.0, 43.0, 44.0, 45.0, 46.0, 47.0, 48.0, 49.0],