{"_meta": {"logs_dir": "C:\\Users\\cbcro\\OneDrive - Princeton University\\Thesis\\AI-Bazaar\\AI-Bazaar\\logs\\exp2_openai_gpt-5.4", "good": "car", "created": 1774773223.3202815}, "data": {"honest": {"0,1": {"ts": [0.0, 1.0, 2.0, 3.0, 4.0, 5.0, 6.0, 7.0, 8.0, 9.0, 10.0, 11.0, 12.0, 13.0, 14.0, 15.0, 16.0, 17.0, 18.0, 19.0, 20.0, 21.0, 22.0, 23.0, 24.0, 25.0, 26.0, 27.0, 28.0, 29.0, 30.0, 31.0, 32.0, 33.0, 34.0, 35.0, 36.0, 37.0, 38.0, 39.0, 40.0, 41.0, 42.0, 43.0, 44.0, 45.0, 46.0, 47.0, 48.0, 49.0], "mean": [0.8027777777777779, 0.813888888888889, 0.8250000000000001, 0.8305555555555557, 0.838888888888889, 0.8555555555555556, 0.8694444444444445, 0.8777777777777778, 0.8916666666666666, 0.8916666666666666, 0.9027777777777777, 0.9222222222222222, 0.9277777777777777, 0.9472222222222223, 0.9500000000000001, 0.9555555555555556, 0.9611111111111111, 0.9611111111111111, 0.9638888888888889, 0.9722222222222222, 0.9750000000000001, 0.9805555555555556, 0.9833333333333334, 0.9888888888888889, 0.9916666666666667, 0.9916666666666667, 0.9916666666666667, 0.9944444444444445, 0.9972222222222222, 0.9972222222222222, 0.9972222222222222, 0.9972222222222222, 0.9972222222222222, 1.0, 1.0, 1.0, 1.0, 1.0, 1.0, 1.0, 1.0, 1.0, 1.0, 1.0, 1.0, 1.0, 1.0, 1.0, 1.0, 1.0], "std": [0.003928371006591917, 0.01039349274103869, 0.018002057495577328, 0.02187224409447721, 0.01571348402636772, 0.021872244094477227, 0.019641855032959635, 0.014163943093313277, 0.02453266907313287, 0.02453266907313287, 0.019641855032959635, 0.0238953479640073, 0.023895347964007305, 0.02078698548207746, 0.02041241452319317, 0.017123372230469416, 0.01039349274103869, 0.01039349274103869, 0.01039349274103869, 0.003928371006591917, 0.006804138174397738, 0.014163943093313291, 0.011785113019775804, 0.010393492741038738, 0.006804138174397693, 0.006804138174397693, 0.006804138174397693, 0.003928371006591917, 0.003928371006591917, 0.003928371006591917, 0.003928371006591917, 0.003928371006591917, 0.003928371006591917, 0.0, 0.0, 0.0, 0.0, 0.0, 0.0, 0.0, 0.0, 0.0, 0.0, 0.0, 0.0, 0.0, 0.0, 0.0, 0.0, 0.0]}, "0,0": {"ts": [0.0, 1.0, 2.0, 3.0, 4.0, 5.0, 6.0, 7.0, 8.0, 9.0, 10.0, 11.0, 12.0, 13.0, 14.0, 15.0, 16.0, 17.0, 18.0, 19.0, 20.0, 21.0, 22.0, 23.0, 24.0, 25.0, 26.0, 27.0, 28.0, 29.0, 30.0, 31.0, 32.0, 33.0, 34.0, 35.0, 36.0, 37.0, 38.0, 39.0, 40.0, 41.0, 42.0, 43.0, 44.0, 45.0, 46.0, 47.0, 48.0, 49.0], "mean": [0.8027777777777779, 0.8166666666666668, 0.8194444444444445, 0.8250000000000001, 0.827777777777778, 0.8444444444444446, 0.8611111111111112, 0.8777777777777778, 0.8805555555555555, 0.8944444444444445, 0.9, 0.9138888888888889, 0.9222222222222222, 0.936111111111111, 0.9444444444444445, 0.9583333333333334, 0.9611111111111111, 0.9666666666666667, 0.9722222222222223, 0.9750000000000001, 0.9777777777777779, 0.9805555555555556, 0.9861111111111112, 0.9888888888888889, 0.9888888888888889, 0.9888888888888889, 0.9944444444444445, 0.9972222222222222, 1.0, 1.0, 1.0, 1.0, 1.0, 1.0, 1.0, 1.0, 1.0, 1.0, 1.0, 1.0, 1.0, 1.0, 1.0, 1.0, 1.0, 1.0, 1.0, 1.0, 1.0, 1.0], "std": [0.003928371006591917, 0.01178511301977575, 0.01039349274103869, 0.013608276348795386, 0.017123372230469367, 0.027498597046143467, 0.032155102507750596, 0.027498597046143505, 0.023895347964007253, 0.023895347964007253, 0.02453266907313286, 0.020786985482077476, 0.014163943093313343, 0.010393492741038788, 0.01039349274103877, 0.006804138174397693, 0.003928371006591917, 0.006804138174397693, 0.01039349274103873, 0.006804138174397738, 0.003928371006591969, 0.007856742013183886, 0.003928371006591917, 0.003928371006591917, 0.003928371006591917, 0.003928371006591917, 0.003928371006591917, 0.003928371006591917, 0.0, 0.0, 0.0, 0.0, 0.0, 0.0, 0.0, 0.0, 0.0, 0.0, 0.0, 0.0, 0.0, 0.0, 0.0, 0.0, 0.0, 0.0, 0.0, 0.0, 0.0, 0.0]}, "3,1": {"ts": [0.0, 1.0, 2.0, 3.0, 4.0, 5.0, 6.0, 7.0, 8.0, 9.0, 10.0, 11.0, 12.0, 13.0, 14.0, 15.0, 16.0, 17.0, 18.0, 19.0, 20.0, 21.0, 22.0, 23.0, 24.0, 25.0, 26.0, 27.0, 28.0, 29.0, 30.0, 31.0, 32.0, 33.0, 34.0, 35.0, 36.0, 37.0, 38.0, 39.0, 40.0, 41.0, 42.0, 43.0, 44.0, 45.0, 46.0, 47.0, 48.0, 49.0], "mean": [0.7972222222222224, 0.7999999999999999, 0.8055555555555555, 0.811111111111111, 0.8250000000000001, 0.8416666666666667, 0.8472222222222223, 0.8444444444444446, 0.8444444444444446, 0.8555555555555556, 0.8611111111111112, 0.8583333333333334, 0.8638888888888889, 0.8722222222222222, 0.8666666666666667, 0.8583333333333334, 0.8638888888888889, 0.8666666666666667, 0.8638888888888889, 0.8583333333333334, 0.8611111111111112, 0.8638888888888889, 0.8611111111111112, 0.8611111111111112, 0.8638888888888889, 0.8666666666666667, 0.8666666666666667, 0.8638888888888889, 0.8638888888888889, 0.8611111111111112, 0.8555555555555556, 0.8527777777777779, 0.8527777777777779, 0.8527777777777779, 0.8527777777777779, 0.8527777777777779, 0.8527777777777779, 0.8527777777777779, 0.8500000000000001, 0.8500000000000001, 0.8500000000000001, 0.8500000000000001, 0.8444444444444444, 0.8444444444444444, 0.8444444444444444, 0.8444444444444444, 0.8444444444444444, 0.8444444444444444, 0.8416666666666667, 0.8416666666666667], "std": [0.010393492741038788, 0.011785113019775856, 0.025760051376376967, 0.041573970964154904, 0.04082482904638629, 0.0340206908719886, 0.027498597046143467, 0.021872244094477227, 0.017123372230469367, 0.014163943093313291, 0.021872244094477227, 0.020412414523193124, 0.017123372230469367, 0.01039349274103869, 0.01360827634879543, 0.006804138174397738, 0.003928371006591917, 0.006804138174397693, 0.003928371006591917, 0.006804138174397738, 0.003928371006591917, 0.007856742013183834, 0.01039349274103873, 0.01039349274103873, 0.010393492741038738, 0.006804138174397693, 0.006804138174397693, 0.003928371006591917, 0.003928371006591917, 0.003928371006591917, 0.007856742013183886, 0.003928371006591969, 0.003928371006591969, 0.003928371006591969, 0.003928371006591969, 0.003928371006591969, 0.003928371006591969, 0.003928371006591969, 0.006804138174397738, 0.006804138174397738, 0.006804138174397738, 0.006804138174397738, 0.003928371006591917, 0.003928371006591917, 0.003928371006591917, 0.003928371006591917, 0.003928371006591917, 0.003928371006591917, 0.006804138174397693, 0.006804138174397693]}, "6,1": {"ts": [0.0, 1.0, 2.0, 3.0, 4.0, 5.0, 6.0, 7.0, 8.0, 9.0, 10.0, 11.0, 12.0, 13.0, 14.0, 15.0, 16.0, 17.0, 18.0, 19.0, 20.0, 21.0, 22.0, 23.0, 24.0, 25.0, 26.0, 27.0, 28.0, 29.0, 30.0, 31.0, 32.0, 33.0, 34.0, 35.0, 36.0, 37.0, 38.0, 39.0, 40.0, 41.0, 42.0, 43.0, 44.0, 45.0, 46.0, 47.0, 48.0, 49.0], "mean": [0.8025641025641027, 0.805128205128205, 0.8021367521367521, 0.8019230769230768, 0.8074786324786324, 0.8074786324786324, 0.8044871794871794, 0.7938034188034188, 0.7914529914529914, 0.7891025641025641, 0.7888888888888889, 0.7835470085470085, 0.7811965811965812, 0.7811965811965812, 0.7786324786324785, 0.773076923076923, 0.7811965811965812, 0.776068376068376, 0.7705128205128204, 0.7626068376068377, 0.75491452991453, 0.7495726495726496, 0.7495726495726496, 0.7495726495726496, 0.7444444444444445, 0.7416666666666667, 0.7391025641025641, 0.7365384615384615, 0.7339743589743589, 0.7339743589743589, 0.7288461538461538, 0.726068376068376, 0.7235042735042735, 0.7235042735042735, 0.7209401709401709, 0.7155982905982906, 0.713034188034188, 0.713034188034188, 0.7076923076923077, 0.70491452991453, 0.70491452991453, 0.70491452991453, 0.70491452991453, 0.70491452991453, 0.702136752136752, 0.702136752136752, 0.702136752136752, 0.6995726495726494, 0.7226495726495726, 0.7200854700854701],