{"_meta": {"logs_dir": "C:\\Users\\cbcro\\OneDrive - Princeton University\\Thesis\\AI-Bazaar\\AI-Bazaar\\logs\\exp2_openai_gpt-5.4", "good": "car", "created": 1774773218.326675}, "data": {"agg": {"0,1": {"ts": [0.0, 1.0, 2.0, 3.0, 4.0, 5.0, 6.0, 7.0, 8.0, 9.0, 10.0, 11.0, 12.0, 13.0, 14.0, 15.0, 16.0, 17.0, 18.0, 19.0, 20.0, 21.0, 22.0, 23.0, 24.0, 25.0, 26.0, 27.0, 28.0, 29.0, 30.0, 31.0, 32.0, 33.0, 34.0, 35.0, 36.0, 37.0, 38.0, 39.0, 40.0, 41.0, 42.0, 43.0, 44.0, 45.0, 46.0, 47.0, 48.0, 49.0], "mean": [1223.4126984126985, 2175.0, 1517.3809523809523, 1297.3015873015872, 1675.2380952380954, 1803.1746031746031, 2190.0, 1473.888888888889, 1469.7222222222224, 2098.095238095238, 2211.1111111111113, 1730.5555555555554, 1782.5396825396826, 2088.888888888889, 1794.642857142857, 1807.936507936508, 2147.777777777778, 1923.6904761904761, 1631.4285714285716, 2193.3333333333335, 1802.7777777777776, 1846.8253968253969, 1710.7936507936508, 1625.0, 1447.7777777777776, 1630.952380952381, 1625.0, 2164.285714285714, 1060.0, 1654.9603174603178, 1944.4444444444446, 1856.7460317460318, 2776.6666666666665, 1729.1005291005292, 1409.8412698412696, 1563.4920634920634, 2050.7936507936506, 1708.7301587301588, 1908.3333333333333, 1980.9523809523807, 2000.0, 2011.111111111111, 1845.2380952380952, 2940.4761904761904, 2306.6666666666665, 2339.285714285714, 2137.777777777778, 2571.428571428571, 2148.3333333333335, 2049.2063492063494], "std": [153.13656078293417, 766.5156856166066, 672.9178855741789, 437.0702871141608, 633.5370241728043, 626.6454781641713, 1139.034679015525, 461.13052167980743, 143.75959441948322, 342.55012708968746, 95.58139185602926, 714.477707882988, 331.3850850264377, 371.51674438445525, 206.29444480931537, 260.0753810526481, 975.7668715704182, 355.80706541671356, 836.01907344059, 536.7391255432093, 276.91532779070235, 515.1973597330818, 621.0932420488248, 622.8295647018265, 622.0416404623855, 137.28552984367857, 316.88588903052573, 231.30802268953883, 331.4614105241614, 754.2403957479202, 475.57632353406, 370.77212714764477, 604.7772776448827, 617.2138534147794, 166.19949642748261, 994.1197737016404, 449.7808878384584, 256.33569181536757, 923.38447511797, 853.8295750971955, 374.16573867739413, 351.3422235153232, 186.63791485730513, 263.8241357479913, 571.6253629393605, 383.7361090131397, 260.2752579031346, 134.5185418269098, 357.7786404406439, 559.8338665853138]}, "0,0": {"ts": [0.0, 1.0, 2.0, 3.0, 4.0, 5.0, 6.0, 7.0, 8.0, 9.0, 10.0, 11.0, 12.0, 13.0, 14.0, 15.0, 16.0, 17.0, 18.0, 19.0, 20.0, 21.0, 22.0, 23.0, 24.0, 25.0, 26.0, 27.0, 28.0, 29.0, 30.0, 31.0, 32.0, 33.0, 34.0, 35.0, 36.0, 37.0, 38.0, 39.0, 40.0, 41.0, 42.0, 43.0, 44.0, 45.0, 46.0, 47.0, 48.0, 49.0], "mean": [1429.1666666666667, 2147.2222222222226, 1243.0555555555557, 1663.3333333333333, 1433.3333333333333, 1977.777777777778, 1643.3333333333333, 1495.2380952380954, 2155.555555555555, 2427.777777777778, 2294.444444444445, 943.3333333333334, 1889.2063492063492, 1428.888888888889, 2094.4444444444443, 1888.0952380952378, 1742.8571428571431, 1726.6666666666667, 1444.4444444444443, 1543.6507936507935, 1500.0, 1642.2222222222224, 1495.5555555555557, 1510.0, 1180.952380952381, 2100.0, 1371.4285714285716, 2042.5396825396826, 1786.111111111111, 1693.3333333333333, 2177.777777777778, 1453.3333333333333, 2416.944444444445, 1577.3809523809523, 1661.1111111111113, 1659.4444444444443, 2533.3333333333335, 1188.888888888889, 2201.3888888888887, 1182.2222222222224, 2033.3333333333333, 1457.142857142857, 1456.9047619047622, 2654.285714285714, 1620.6349206349205, 2184.444444444445, 1761.9047619047622, 2320.634920634921, 1431.9047619047622, 2280.555555555555], "std": [352.4221742298417, 395.9478391884779, 291.3556542851891, 210.60758665241755, 339.9346342395191, 838.2447858398252, 552.8176981676758, 520.1900925876076, 496.15807915035793, 906.39020839622, 670.0377730277232, 293.97656747132453, 503.1753041905888, 338.46421478696686, 365.2328869754134, 655.23359633007, 183.31787195162056, 294.54296045832695, 122.7262335243029, 443.6515035346565, 509.9019513592785, 437.6818845905841, 300.43589731432183, 654.879123706556, 255.90531128656008, 650.3560278516399, 1004.9537167397889, 897.1914971256066, 126.25909085959454, 638.8183535942661, 506.50094755739923, 190.67132861433456, 223.64854759087112, 228.50321402742168, 551.4850881657053, 529.003839048825, 792.4411416395308, 790.0226594656231, 886.2395413720593, 397.5604620528233, 445.15134754622756, 648.074069840786, 119.32396497259066, 908.4725912098789, 200.34299135465966, 198.98507916021006, 486.04097323620687, 175.19380622752843, 961.2678230672236, 622.2098213049959]}, "3,1": {"ts": [0.0, 1.0, 2.0, 3.0, 4.0, 5.0, 6.0, 7.0, 8.0, 9.0, 10.0, 11.0, 12.0, 13.0, 14.0, 15.0, 16.0, 17.0, 18.0, 19.0, 20.0, 21.0, 22.0, 23.0, 24.0, 25.0, 26.0, 27.0, 28.0, 29.0, 30.0, 31.0, 32.0, 33.0, 34.0, 35.0, 36.0, 37.0, 38.0, 39.0, 40.0, 41.0, 42.0, 43.0, 44.0, 45.0, 46.0, 47.0, 48.0, 49.0], "mean": [-3942.2222222222226, -257.22222222222234, 170.0, -4043.4920634920636, 1233.3333333333333, 1518.8888888888887, 267.7777777777778, -6199.074074074074, -3107.142857142857, -979.3650793650795, 536.1111111111111, -1813.8888888888887, 2101.5873015873017, 126.19047619047622, -3814.444444444445, -2041.2698412698412, 1856.3492063492065, 1795.2380952380954, -1423.015873015873, -1448.402777777778, 2409.5238095238096, 2214.285714285714, 701.9841269841269, 1962.2222222222224, -637.4603174603175, 2194.4444444444443, 1823.8095238095239, -626.190476190476, 1833.3333333333333, -269.8412698412699, -2268.75, 367.14285714285717, 2486.6666666666665, 2114.285714285714, 1655.3968253968253, 1831.3492063492065, 1972.222222222222, 1609.5238095238094, 15.873015873015751, 1587.5, 1928.5714285714287, 2138.8888888888887, -958.3333333333335, 1861.5873015873015, 1927.7777777777776, 2311.1111111111113, 1623.3333333333333, 1605.5555555555557, -829.0476190476189, 2104.4444444444443], "std": [7100.504068352568, 3404.954541854967, 2588.3810899221676, 4518.319564904874, 160.43921197992947, 166.58516525774624, 2110.573615786552, 974.2052087479898, 6021.754778488153, 3764.313742118949, 1472.7514771950653, 2649.391381309682, 450.7545254650932, 2106.5522443738832, 3968.704036382036, 2671.586542406053, 955.6023560758772, 511.8106225731201, 2185.7647168277977, 3436.174223854503, 456.89477395470414, 404.7338925881101, 1791.1067609373076, 462.08331246034084, 3072.406152617436, 851.6142986001626, 267.6004060614689, 4037.6642290195273, 632.9472507422892, 3115.5768483556258, 4072.363027162485, 1920.3092863135462, 716.5348716023682, 537.0758710905138, 495.5463529849293, 311.26545005523053, 232.67101768191029, 196.6845374101275, 2149.535741797705, 368.41439530325994, 696.7368060255955, 395.88937225155263, 2328.8747083961835, 581.4311497587664, 384.9803586460093, 735.0149070462768, 547.1610230866095, 380.13967543457784, 1972.584317307853, 355.9581054555524]}, "6,1": {"ts": [0.0, 1.0, 2.0, 3.0, 4.0, 5.0, 6.0, 7.0, 8.0, 9.0, 10.0, 11.0, 12.0, 13.0, 14.0, 15.0, 16.0, 17.0, 18.0, 19.0, 20.0, 21.0, 22.0, 23.0, 24.0, 25.0, 26.0, 27.0, 28.0, 29.0, 30.0, 31.0, 32.0, 33.0, 34.0, 35.0, 36.0, 37.0, 38.0, 39.0, 40.0, 41.0, 42.0, 43.0, 44.0, 45.0, 46.0, 47.0, 48.0, 49.0],