{"_meta": {"logs_dir": "C:\\Users\\cbcro\\OneDrive - Princeton University\\Thesis\\AI-Bazaar\\AI-Bazaar\\logs\\exp2_openai_gpt-5.4", "good": "car", "created": 1774773218.2221885}, "data": {"agg": {"0,1": {"ts": [0.0, 1.0, 2.0, 3.0, 4.0, 5.0, 6.0, 7.0, 8.0, 9.0, 10.0, 11.0, 12.0, 13.0, 14.0, 15.0, 16.0, 17.0, 18.0, 19.0, 20.0, 21.0, 22.0, 23.0, 24.0, 25.0, 26.0, 27.0, 28.0, 29.0, 30.0, 31.0, 32.0, 33.0, 34.0, 35.0, 36.0, 37.0, 38.0, 39.0, 40.0, 41.0, 42.0, 43.0, 44.0, 45.0, 46.0, 47.0, 48.0, 49.0], "mean": [0.0, 0.0, 0.0, 0.0, 0.0, 0.0, 0.0, 0.0, 0.0, 0.0, 0.0, 0.0, 0.0, 0.0, 0.0, 0.0, 0.0, 0.0, 0.0, 0.0, 0.0, 0.0, 0.0, 0.0, 0.0, 0.0, 0.0, 0.0, 0.0, 0.0, 0.0, 0.0, 0.0, 0.0, 0.0, 0.0, 0.0, 0.0, 0.0, 0.0, 0.0, 0.0, 0.0, 0.0, 0.0, 0.0, 0.0, 0.0, 0.0, 0.0], "std": [0.0, 0.0, 0.0, 0.0, 0.0, 0.0, 0.0, 0.0, 0.0, 0.0, 0.0, 0.0, 0.0, 0.0, 0.0, 0.0, 0.0, 0.0, 0.0, 0.0, 0.0, 0.0, 0.0, 0.0, 0.0, 0.0, 0.0, 0.0, 0.0, 0.0, 0.0, 0.0, 0.0, 0.0, 0.0, 0.0, 0.0, 0.0, 0.0, 0.0, 0.0, 0.0, 0.0, 0.0, 0.0, 0.0, 0.0, 0.0, 0.0, 0.0]}, "0,0": {"ts": [0.0, 1.0, 2.0, 3.0, 4.0, 5.0, 6.0, 7.0, 8.0, 9.0, 10.0, 11.0, 12.0, 13.0, 14.0, 15.0, 16.0, 17.0, 18.0, 19.0, 20.0, 21.0, 22.0, 23.0, 24.0, 25.0, 26.0, 27.0, 28.0, 29.0, 30.0, 31.0, 32.0, 33.0, 34.0, 35.0, 36.0, 37.0, 38.0, 39.0, 40.0, 41.0, 42.0, 43.0, 44.0, 45.0, 46.0, 47.0, 48.0, 49.0], "mean": [0.0, 0.0, 0.0, 0.0, 0.0, 0.0, 0.0, 0.0, 0.0, 0.0, 0.0, 0.0, 0.0, 0.0, 0.0, 0.0, 0.0, 0.0, 0.0, 0.0, 0.0, 0.0, 0.0, 0.0, 0.0, 0.0, 0.0, 0.0, 0.0, 0.0, 0.0, 0.0, 0.0, 0.0, 0.0, 0.0, 0.0, 0.0, 0.0, 0.0, 0.0, 0.0, 0.0, 0.0, 0.0, 0.0, 0.0, 0.0, 0.0, 0.0], "std": [0.0, 0.0, 0.0, 0.0, 0.0, 0.0, 0.0, 0.0, 0.0, 0.0, 0.0, 0.0, 0.0, 0.0, 0.0, 0.0, 0.0, 0.0, 0.0, 0.0, 0.0, 0.0, 0.0, 0.0, 0.0, 0.0, 0.0, 0.0, 0.0, 0.0, 0.0, 0.0, 0.0, 0.0, 0.0, 0.0, 0.0, 0.0, 0.0, 0.0, 0.0, 0.0, 0.0, 0.0, 0.0, 0.0, 0.0, 0.0, 0.0, 0.0]}, "3,1": {"ts": [0.0, 1.0, 2.0, 3.0, 4.0, 5.0, 6.0, 7.0, 8.0, 9.0, 10.0, 11.0, 12.0, 13.0, 14.0, 15.0, 16.0, 17.0, 18.0, 19.0, 20.0, 21.0, 22.0, 23.0, 24.0, 25.0, 26.0, 27.0, 28.0, 29.0, 30.0, 31.0, 32.0, 33.0, 34.0, 35.0, 36.0, 37.0, 38.0, 39.0, 40.0, 41.0, 42.0, 43.0, 44.0, 45.0, 46.0, 47.0, 48.0, 49.0], "mean": [0.19685643089898408, 0.08709377901578458, 0.07848040967012028, 0.2245011018421327, 0.0, 0.0, 0.054168789268127016, 0.3415296097117028, 0.16113399563847833, 0.10216154721274175, 0.04857468643101482, 0.15730626865250366, 0.0, 0.051963893632593315, 0.20300340827192734, 0.1469815869538081, 0.0, 0.0, 0.11221063058890546, 0.16093340847579973, 0.0, 0.0, 0.048421372191863994, 0.0, 0.1161642869733827, 0.0, 0.0, 0.09773734546302776, 0.0, 0.09502645502645503, 0.1542535443491424, 0.0459720420809915, 0.0, 0.0, 0.0, 0.0, 0.0, 0.0, 0.05476596551070684, 0.0, 0.0, 0.0, 0.15794478197854223, 0.0, 0.0, 0.0, 0.0, 0.0, 0.08441852511623398, 0.0], "std": [0.2783970344177053, 0.12316920348244782, 0.11098805973608071, 0.17632581227222982, 0.0, 0.0, 0.07660623644031539, 0.042600080777389464, 0.22787788199130318, 0.14447824562127864, 0.06869498033876152, 0.11137265070078294, 0.0, 0.07348804312892637, 0.17049438583504767, 0.10751330253946778, 0.0, 0.0, 0.0800364237053307, 0.13663040672648363, 0.0, 0.0, 0.0684781612624495, 0.0, 0.16428111010115806, 0.0, 0.0, 0.13822147950415833, 0.0, 0.1343877014826497, 0.13061760046585352, 0.06501428540092483, 0.0, 0.0, 0.0, 0.0, 0.0, 0.0, 0.07745077118169878, 0.0, 0.0, 0.0, 0.11173727634002599, 0.0, 0.0, 0.0, 0.0, 0.0, 0.060286950996870835, 0.0]}, "6,1": {"ts": [0.0, 1.0, 2.0, 3.0, 4.0, 5.0, 6.0, 7.0, 8.0, 9.0, 10.0, 11.0, 12.0, 13.0, 14.0, 15.0, 16.0, 17.0, 18.0, 19.0, 20.0, 21.0, 22.0, 23.0, 24.0, 25.0, 26.0, 27.0, 28.0, 29.0, 30.0, 31.0, 32.0, 33.0, 34.0, 35.0, 36.0, 37.0, 38.0, 39.0, 40.0, 41.0, 42.0, 43.0, 44.0, 45.0, 46.0, 47.0, 48.0, 49.0], "mean": [0.30090279603821546, 0.29030279278678317, 0.4706424573155621, 0.22052184502064218, 0.29190349341462757, 0.3173474615059516, 0.2271786949067869, 0.46141324202480377, 0.25521448248720974, 0.19019193473620566, 0.1600786341918046, 0.471427260840706, 0.24861635027705167, 0.08233475067645922, 0.30379392564972457, 0.21819138650344114, 0.0, 0.17802871880663598, 0.25905975269367953, 0.2456131505297101, 0.16648376075166263, 0.1799362658491563, 0.0, 0.0, 0.13560581926303494, 0.08122860579147008, 0.05225225225225225, 0.22576825977191609, 0.08751714677640604, 0.0, 0.1272081112156371, 0.062310949788263764, 0.07898812596799175, 0.0, 0.06764808973010865, 0.14625209618511317, 0.04981041020337815, 0.0, 0.14552004631817558, 0.09168646080760096, 0.0, 0.0, 0.08182865923933923, 0.0, 0.09484193011647256, 0.0, 0.0, 0.0662677304964539, 0.18730522524239776, 0.08436769203094081], "std": [0.42554081511322955, 0.215122065563047, 0.3530885413523601, 0.16314456627028776, 0.030305779589570234, 0.10209790774780238, 0.16479810452479485, 0.07608097176298549, 0.36092778244744284, 0.15654701436118154, 0.11502042918519031, 0.23091939198913664, 0.02210557484034524, 0.11643892106125599, 0.24315761057237395, 0.190980286842973, 0.0, 0.2517706286282507, 0.2256516550607487, 0.08926342641045758, 0.12561395464897304, 0.1278360262945745, 0.0, 0.0, 0.1917755887384987, 0.1148745959629547, 0.07389584379967525, 0.16420171010224796, 0.12376793591139022, 0.0, 0.179899436125019, 0.08812099027491156, 0.11170607901036837, 0.0, 0.09566884596495176, 0.11252495886331354, 0.07044255765698457, 0.0, 0.10548656871341455, 0.12966423636009852, 0.0, 0.0, 0.11572319968707999, 0.0, 0.13412674385235676, 0.0, 0.0, 0.09371672321577026, 0.14792312912146066, 0.11931393429627299]}, "3,0": {"ts": [0.0, 1.0, 2.0, 3.0, 4.0, 5.0, 6.0, 7.0, 8.0, 9.0, 10.0, 11.0, 12.0, 13.0, 14.0, 15.0, 16.0, 17.0, 18.0, 19.0, 20.0, 21.0, 22.0, 23.0, 24.0, 25.0, 26.0, 27.0, 28.0, 29.0, 30.0, 31.0, 32.0, 33.0, 34.0, 35.0, 36.0, 37.0, 38.0, 39.0, 40.0, 41.0, 42.0, 43.0, 44.0, 45.0, 46.0, 47.0, 48.0, 49.0], "mean": [0.0, 0.0, 0.052458477224140765, 0.07932489451476793, 0.0, 0.06135357368753953, 0.0904330312185297, 0.398222355600506, 0.08463434675431387, 0.10973512211902305, 0.16984490211034833, 0.22289478445019104, 0.34563991855293014, 0.09555854643337819, 0.37977593080519334, 0.20363398516357764, 0.1565403687372876, 0.31092438204646106, 0.12523291164067862, 0.08379301287102704, 0.1595378564405113, 0.2865688788018885, 0.23494892468158643, 0.23672975332163423, 0.12783334000750005, 0.22602986198779798, 0.10833757853625403, 0.23008083441981744, 0.29540599025408815, 0.17631296891747053, 0.12950380893555694, 0.15488881474221286, 0.049069373942470386, 0.12581325592308346, 0.13967213114754098, 0.2019298235518117, 0.20114673045275053, 0.17923791066950026, 0.08439153439153439, 0.11601708003997456, 0.4311360059053199, 0.23731149124456966, 0.15647156084656086, 0.20899586598207043, 0.1603164537305767, 0.12796934865900383, 0.05979834281721074, 0.08952603861907549, 0.1592493780166108, 0.397432635619756], "std": [0.0, 0.0, 0.07418748995181998, 0.11218234165659995, 0.0, 0.08676705600897547, 0.12789161923575423, 0.02470081247506766, 0.11969104102253804, 0.1551888979693902, 0.24019696406438537, 0.20058422472229406, 0.05963443582046716, 0.1351401923667426, 0.029281488033684185, 0.16448996559890816, 0.11147513352914382, 0.22003414275455352, 0.17710608209771916, 0.11850121523430979, 0.22562060029010292, 0.3058028111452719, 0.18378944987695142, 0.1792562445229273, 0.09105312176399848, 0.1661148910743368, 0.15321247288063078, 0.16724948518814442, 0.14147638407548307, 0.2493441918653528, 0.1831460429756386, 0.112306624189073, 0.06939457412659857, 0.08900796100183164, 0.19752622215440604, 0.0250469696409778, 0.14728190899637336, 0.13602983759819265, 0.11934765248598342, 0.16407292805945692, 0.06135520529265164, 0.2116379287429851, 0.11855793698358495, 0.15026697032980255, 0.1356015696134383, 0.18097598844161447, 0.08456762741953518, 0.12660893800063402, 0.11518936285331784, 0.1307662310880305]},