{"_meta": {"logs_dir": "C:\\Users\\cbcro\\OneDrive - Princeton University\\Thesis\\AI-Bazaar\\AI-Bazaar\\logs\\exp2_openai_gpt-5.4", "good": "car", "created": 1774773218.2201667}, "data": {"agg": {"0,1": null, "0,0": null, "3,1": {"ts": [0.0, 1.0, 2.0, 3.0, 4.0, 5.0, 6.0, 7.0, 8.0, 9.0, 10.0, 11.0, 12.0, 13.0, 14.0, 15.0, 16.0, 17.0, 18.0, 19.0, 20.0, 21.0, 22.0, 23.0, 24.0, 25.0, 26.0, 27.0, 28.0, 29.0, 30.0, 31.0, 32.0, 33.0, 34.0, 35.0, 36.0, 37.0, 38.0, 39.0, 40.0, 41.0, 42.0, 43.0, 44.0, 45.0, 46.0, 47.0, 48.0, 49.0], "mean": [0.03240740740740739, 0.18085016835016834, 0.2381613756613756, 0.22484567901234565, 0.26099440682774017, 0.27982417908888496, 0.28932808593863807, 0.2582620811755228, 0.2535842351256045, 0.27260023509574816, 0.2771889893590885, 0.28050400474396814, 0.2898414785067242, 0.28608961660941395, 0.2840879495103483, 0.28436262646768157, 0.28717664231847045, 0.29525452472905483, 0.29280783526877924, 0.2918093965835447, 0.2957166515251168, 0.3004153985549023, 0.3008516741193102, 0.3006465417472519, 0.3019056338566967, 0.3045989575569599, 0.30848101754620755, 0.3088839678607469, 0.3109070302162555, 0.3119004805292071, 0.30973875806814916, 0.3095933786685974, 0.3101886598254339, 0.3110485557353443, 0.31272048507357586, 0.31696737582732976, 0.31856195949779526, 0.3222730005185615, 0.32205253785737636, 0.3238858324124719, 0.3254666561201608, 0.3273567515197842, 0.32554096389375264, 0.3273449612258405, 0.32780203354587695, 0.32785556613231415, 0.32874889777223176, 0.330248590291218, 0.33003815545901466, 0.3309122064162942], "std": [0.3287363051125321, 0.1367001293723859, 0.09288725082444436, 0.08767760077681655, 0.06368002194129727, 0.05074633320625247, 0.054526205043607494, 0.05556107354194507, 0.019949567539771413, 0.015162606946460162, 0.020360214630418778, 0.02665787541054799, 0.022824889835932324, 0.01662303355644573, 0.01979081712208674, 0.01098567215021185, 0.013185243127962437, 0.007100941927500825, 0.009530345251815021, 0.009023514048662482, 0.0067332803797518605, 0.009077164401369435, 0.011977319993493963, 0.013645012174620323, 0.01005805270080653, 0.010286664482478987, 0.009105415639058406, 0.010472661939795052, 0.011354106017821861, 0.009170322232087798, 0.013052113737327514, 0.013727275967004257, 0.013692660397997701, 0.013023796830602796, 0.01432889833385132, 0.014122276418778435, 0.012575797619943051, 0.011637988892026765, 0.010500152580818368, 0.012754940025456534, 0.012559387809754791, 0.014084562509557282, 0.015880616971692588, 0.014728144881428032, 0.014965089169737236, 0.015375338382605287, 0.0152098852950548, 0.015267668481884045, 0.0145328967496929, 0.013382277413730399]}, "6,1": {"ts": [0.0, 1.0, 2.0, 3.0, 4.0, 5.0, 6.0, 7.0, 8.0, 9.0, 10.0, 11.0, 12.0, 13.0, 14.0, 15.0, 16.0, 17.0, 18.0, 19.0, 20.0, 21.0, 22.0, 23.0, 24.0, 25.0, 26.0, 27.0, 28.0, 29.0, 30.0, 31.0, 32.0, 33.0, 34.0, 35.0, 36.0, 37.0, 38.0, 39.0, 40.0, 41.0, 42.0, 43.0, 44.0, 45.0, 46.0, 47.0, 48.0, 49.0], "mean": [0.18939393939393936, 0.22268518518518512, 0.22867063492063497, 0.26042668751002085, 0.2810044893378227, 0.3064604377104377, 0.32982303190636525, 0.32032246303079637, 0.32236484693592543, 0.34093194124798876, 0.3586856634650753, 0.3464597250017281, 0.3576646015831135, 0.3718769514934506, 0.3696512931047775, 0.36660794692549475, 0.3776398470824096, 0.3823950440477075, 0.380045016366827, 0.38055578487611136, 0.3837357770353164, 0.3845448593566176, 0.3896119065795744, 0.39421799296941656, 0.3967156672523853, 0.3981739701211919, 0.400044509918952, 0.40268797803970885, 0.40618701262757373, 0.41037535374076795, 0.40994097758927656, 0.4129011325054078, 0.41421058111768877, 0.4159367209110602, 0.41787038889273526, 0.4212332994543095, 0.4227229910442687, 0.42562079965855054, 0.4266475676186439, 0.42914722422632795, 0.4305796132362474, 0.43157160767192787, 0.4346173843306122, 0.43609612581872265, 0.43564571123381857, 0.4381439417413291, 0.4413560975559944, 0.44444191409025935, 0.4454381793286803, 0.4463810702667019], "std": [0.3706706006886384, 0.1793776870052016, 0.08564034662431987, 0.06951255756188635, 0.07878542329632185, 0.06966392666547001, 0.07920816621395824, 0.06416177493128257, 0.04786190560607828, 0.03723255431738425, 0.0331292792314979, 0.02386954051526399, 0.02137111210216951, 0.012728349009688203, 0.008994858248488422, 0.01718149518906179, 0.014715684605615871, 0.011634269958930746, 0.01808381894824439, 0.02156289186248937, 0.012441858835798746, 0.012979700328754661, 0.01376860452575003, 0.016520475240857976, 0.019019139424221773, 0.016063917358102565, 0.01916055399019925, 0.018084432666326988, 0.018031071092681757, 0.015709312379553246, 0.014535331907293423, 0.01536436407765218, 0.014791605330865024, 0.014829430441133057, 0.012940226888785888, 0.013263501244360031, 0.012474429920275929, 0.013937748538565371, 0.01395286208905132, 0.014348689882347394, 0.013157066001761804, 0.011990553134045632, 0.010090423704512644, 0.010891762601801473, 0.011911871633393455, 0.010291485812052243, 0.010147563649275, 0.009441693980846775, 0.009824079435114218, 0.011067507408454226]}, "3,0": {"ts": [0.0, 1.0, 2.0, 3.0, 4.0, 5.0, 6.0, 7.0, 8.0, 9.0, 10.0, 11.0, 12.0, 13.0, 14.0, 15.0, 16.0, 17.0, 18.0, 19.0, 20.0, 21.0, 22.0, 23.0, 24.0, 25.0, 26.0, 27.0, 28.0, 29.0, 30.0, 31.0, 32.0, 33.0, 34.0, 35.0, 36.0, 37.0, 38.0, 39.0, 40.0, 41.0, 42.0, 43.0, 44.0, 45.0, 46.0, 47.0, 48.0, 49.0], "mean": [0.27314814814814814, 0.2921296296296296, 0.2691468253968254, 0.2711950857784191, 0.2822794489461156, 0.2810840303487362, 0.28413440537408546, 0.24036395798521695, 0.24024115347700847, 0.2350364497969604, 0.22885215890841368, 0.2202440104903457, 0.2124274797128105, 0.21326643559201797, 0.19859447468654456, 0.19093545245922158, 0.18938847490417188, 0.1879545234522663, 0.18573428113922552, 0.19200188081203784, 0.18932411870469723, 0.18312274545871188, 0.17712775679321804, 0.17426786999484664, 0.1795853249466938, 0.17923997518730603, 0.18354567587196957, 0.18413977126462086, 0.17951407918472392, 0.18269581540813593, 0.18505551267290746, 0.1860647033860907, 0.18856257882482788, 0.1868184315353755, 0.19044556467439921, 0.19346752587746674, 0.1913287546586505, 0.18945221766996515, 0.1912374357208173, 0.1887126965084435, 0.18227023919518784, 0.18339070521173195, 0.18576800486003076, 0.18492789208813654, 0.18564147306249276, 0.1879941346636099, 0.1893598434661589, 0.1903338279018739, 0.19048494931814694, 0.18766859335549582], "std": [0.055940027655530425, 0.04876738548986551, 0.052462808816283624, 0.06189763840057204, 0.0536586256566401, 0.058487307371538906, 0.06021256221672841, 0.03952889609773762, 0.03036546534060095, 0.041143821723240014, 0.02485314839089882, 0.01641815228216407, 0.01579139836633652, 0.008594324572050416, 0.005816046980251489, 0.011587972958433066, 0.015011866042477279, 0.019823908102530322, 0.014495870261406021, 0.010450057416722117, 0.01253014802584254, 0.007074682319641132, 0.008931834617692345, 0.004985957760869062, 0.0048263503288323096, 0.009085125444722173, 0.013433691197248129, 0.017886924911285126, 0.017773704749742582, 0.012497010617272743, 0.014966820537141302, 0.01574708924139024, 0.012846795440482086, 0.010276169438984618, 0.007138713624748617, 0.005588431446051607, 0.009346376136399147, 0.0072904430096608465, 0.006470777349840335, 0.0032500945342914455, 0.0066843787735467106, 0.010261561738321975, 0.009100223523593473, 0.011027633623553551, 0.010857782724431119, 0.013188064910782806, 0.0114713786746529, 0.011457348705467586, 0.01225000013414951, 0.011135912867832313]}, "6,0": {"ts": [0.0, 1.0, 2.0, 3.0, 4.0, 5.0, 6.0, 7.0, 8.0, 9.0, 10.0, 11.0, 12.0, 13.0, 14.0, 15.0, 16.0, 17.0, 18.0, 19.0, 20.0, 21.0, 22.0, 23.0, 24.0, 25.0, 26.0, 27.0, 28.0, 29.0, 30.0, 31.0, 32.0, 33.0, 34.0, 35.0, 36.0, 37.0, 38.0, 39.0, 40.0, 41.0, 42.0, 43.0],