{"_meta": {"logs_dir": "C:\\Users\\cbcro\\OneDrive - Princeton University\\Thesis\\AI-Bazaar\\AI-Bazaar\\logs\\exp1_gemini-3-flash-preview", "good": "food", "created": 1774240032.7273498}, "data": {"grid_collapse": [[NaN, 1.0, NaN], [0.6666666666666666, 1.0, 1.0], [1.0, 1.0, 1.0], [0.3333333333333333, 0.6666666666666666, 1.0], [0.0, 1.0, 1.0]], "annotations_collapse": [[null, "100%", null], ["67%\n\u00b10.27", "100%\n\u00b10.00", "100%\n\u00b10.00"], ["100%\n\u00b10.00", "100%\n\u00b10.00", "100%\n\u00b10.00"], ["33%\n\u00b10.27", "67%\n\u00b10.27", "100%\n\u00b10.00"], ["0%\n\u00b10.00", "100%\n\u00b10.00", "100%\n\u00b10.00"]], "grid_firms": [[NaN, 0.0, NaN], [2.6666666666666665, 0.3333333333333333, 0.3333333333333333], [3.0, 0.6666666666666666, 1.0], [4.666666666666667, 4.333333333333333, 1.0], [5.0, 2.0, 1.0]], "annotations_firms": [[null, "0.0", null], ["2.7\n\u00b11.2", "0.3\n\u00b10.3", "0.3\n\u00b10.3"], ["3.0\n\u00b10.0", "0.7\n\u00b10.3", "1.0\n\u00b10.0"], ["4.7\n\u00b10.3", "4.3\n\u00b10.3", "1.0\n\u00b10.0"], ["5.0\n\u00b10.0", "2.0\n\u00b11.0", "1.0\n\u00b10.0"]], "per_seed_firms": {"1,1": [0, 0, 1], "1,2": [0, 0, 1], "0,1": [0], "1,0": [2, 1, 5], "2,1": [0, 1, 1], "2,0": [3, 3, 3], "2,2": [1, 1, 1], "3,0": [5, 5, 4], "3,1": [4, 5, 4], "3,2": [1, 1, 1], "4,0": [5, 5, 5], "4,1": [1, 4, 1], "4,2": [1, 1, 1]}, "available": [[false, true, false], [true, true, true], [true, true, true], [true, true, true], [true, true, true]], "single_seed": [[false, true, false], [false, false, false], [false, false, false], [false, false, false], [false, false, false]]}}