{"_meta": {"logs_dir": "C:\\Users\\cbcro\\OneDrive - Princeton University\\Thesis\\AI-Bazaar\\AI-Bazaar\\logs\\exp1_gemini-3-flash-preview", "good": "food", "created": 1774993896.2461994}, "data": {"grid_median": [[150.0, 69.0, 25.0], [93.0, 32.0, 30.0], [86.0, 32.0, 26.0], [96.0, 46.0, 31.0], [177.0, 238.5, 30.0], [NaN, 32.0, 30.0]], "grid_se": [[7.0, 16.67666366846532, 2.96273147243853], [5.783117190965824, 0.0, 3.38296385503074], [0.881917103688197, 0.0, 1.452966314513558], [53.96397975604757, 6.173419725817379, 1.2018504251546633], [100.0, 83.5, 0.33333333333333337], [NaN, NaN, 1.1547005383792517]], "per_seed": {"0,2": [22, 32, 25], "0,1": [69, 118, 67], "0,0": [150, 141, 165], "1,1": [32, 32, 32], "1,0": [93, 97, 78], "1,2": [30, 21, 32], "2,0": [84, 87, 86], "2,1": [32, 32, 32], "2,2": [24, 29, 26], "3,1": [32, 53, 46], "3,2": [31, 28, 32], "3,0": [96, 83, 251], "4,1": [155, 322, -1], "4,0": [277, 77, -1], "4,2": [30, 31, 30], "5,0": [-1, -1, -1], "5,1": [32, -1, -1], "5,2": [30, 28, 32]}, "available": [[true, true, true], [true, true, true], [true, true, true], [true, true, true], [true, true, true], [true, true, true]]}}