{"_meta": {"logs_dir": "C:\\Users\\cbcro\\OneDrive - Princeton University\\Thesis\\AI-Bazaar\\AI-Bazaar\\logs\\exp1_gemini-3-flash-preview", "good": "food", "created": 1774993849.1983662}, "data": {"grid_collapse": [[1.0, 1.0, 1.0], [0.6666666666666666, 1.0, 1.0], [1.0, 1.0, 1.0], [1.0, 1.0, 1.0], [0.6666666666666666, 0.6666666666666666, 1.0], [0.0, 0.3333333333333333, 1.0]], "annotations_collapse": [["100%\n\u00b10.00", "100%\n\u00b10.00", "100%\n\u00b10.00"], ["67%\n\u00b10.27", "100%\n\u00b10.00", "100%\n\u00b10.00"], ["100%\n\u00b10.00", "100%\n\u00b10.00", "100%\n\u00b10.00"], ["100%\n\u00b10.00", "100%\n\u00b10.00", "100%\n\u00b10.00"], ["67%\n\u00b10.27", "67%\n\u00b10.27", "100%\n\u00b10.00"], ["0%\n\u00b10.00", "33%\n\u00b10.27", "100%\n\u00b10.00"]], "grid_firms": [[2.3333333333333335, 0.6666666666666666, 0.6666666666666666], [2.6666666666666665, 0.3333333333333333, 0.6666666666666666], [3.0, 1.0, 1.0], [4.0, 0.3333333333333333, 0.6666666666666666], [4.333333333333333, 3.3333333333333335, 1.0], [5.0, 4.666666666666667, 1.6666666666666667]], "annotations_firms": [["2.3\n\u00b10.9", "0.7\n\u00b10.3", "0.7\n\u00b10.3"], ["2.7\n\u00b11.2", "0.3\n\u00b10.3", "0.7\n\u00b10.3"], ["3.0\n\u00b10.0", "1.0\n\u00b10.0", "1.0\n\u00b10.0"], ["4.0\n\u00b10.0", "0.3\n\u00b10.3", "0.7\n\u00b10.3"], ["4.3\n\u00b10.3", "3.3\n\u00b11.2", "1.0\n\u00b10.0"], ["5.0\n\u00b10.0", "4.7\n\u00b10.3", "1.7\n\u00b10.7"]], "per_seed_firms": {"0,2": [0, 1, 1], "0,1": [0, 1, 1], "0,0": [2, 4, 1], "1,1": [0, 0, 1], "1,0": [1, 5, 2], "1,2": [0, 1, 1], "2,0": [3, 3, 3], "2,2": [1, 1, 1], "2,1": [1, 1, 1], "3,1": [0, 0, 1], "3,2": [0, 1, 1], "3,0": [4, 4, 4], "4,1": [4, 1, 5], "4,0": [4, 5, 4], "4,2": [1, 1, 1], "5,0": [5, 5, 5], "5,1": [4, 5, 5], "5,2": [3, 1, 1]}, "available": [[true, true, true], [true, true, true], [true, true, true], [true, true, true], [true, true, true], [true, true, true]], "single_seed": [[false, false, false], [false, false, false], [false, false, false], [false, false, false], [false, false, false], [false, false, false]]}}