{"_meta": {"logs_dir": "C:\\Users\\cbcro\\OneDrive - Princeton University\\Thesis\\AI-Bazaar\\AI-Bazaar\\logs\\exp1_gemini-3-flash-preview", "good": "food", "created": 1774240032.8878956}, "data": {"grid_median": [[NaN, 100.0, NaN], [93.5, 33.0, 26.0], [201.0, 32.0, 25.0], [90.0, 32.0, 31.0], [NaN, 32.0, 31.0]], "grid_se": [[NaN, NaN, NaN], [15.499999999999998, 0.33333333333333337, 1.0], [49.174293193813284, 0.33333333333333337, 2.0816659994661326], [NaN, 0.0, 0.33333333333333337], [NaN, 0.0, 0.33333333333333337]], "per_seed": {"1,1": [33, 32, 33], "1,2": [26, 26, 29], "0,1": [100], "1,0": [78, 109, -1], "2,1": [31, 32, 32], "2,0": [204, 201, 55], "2,2": [30, 25, 23], "3,1": [32, 32, -1], "3,0": [90, -1, -1], "3,2": [32, 31, 31], "4,0": [-1, -1, -1], "4,1": [32, 32, 32], "4,2": [32, 31, 31]}, "available": [[false, true, false], [true, true, true], [true, true, true], [true, true, true], [true, true, true]]}}