{"_meta": {"logs_dir": "C:\\Users\\cbcro\\OneDrive - Princeton University\\Thesis\\AI-Bazaar\\AI-Bazaar\\logs\\exp1_gemini-3-flash-preview", "good": "food", "created": 1774993988.4658082}, "data": {"grid_br": [[0.5333333333333333, 0.8666666666666667, 0.8666666666666667], [0.4666666666666666, 0.9333333333333332, 0.8666666666666667], [0.4000000000000001, 0.8000000000000002, 0.8000000000000002], [0.19999999999999996, 0.9333333333333332, 0.8666666666666667], [0.1333333333333333, 0.3333333333333333, 0.8000000000000002], [0.0, 0.06666666666666665, 0.6666666666666666]], "grid_price": [[2.29, 2.28, 2.1733333333333333], [1.5556666666666665, 1.2166666666666666, 2.53], [1.6077777777777778, 3.4266666666666663, 2.03], [1.5366666666666668, 0.8433333333333333, 1.6499999999999997], [1.4633333333333336, 1.5118333333333334, 1.6866666666666668], [1.5999999999999999, 1.45, 1.4666666666666668]], "available": [[true, true, true], [true, true, true], [true, true, true], [true, true, true], [true, true, true], [true, true, true]], "unit_cost": 1.0}}