{"_meta": {"logs_dir": "C:\\Users\\cbcro\\OneDrive - Princeton University\\Thesis\\AI-Bazaar\\AI-Bazaar\\logs\\exp1_anthropic_claude-sonnet-4.6", "good": "food", "created": 1774485011.701264}, "data": {"grid_collapse": [[NaN, 0.0, NaN], [0.3333333333333333, 0.3333333333333333, 1.0], [NaN, NaN, NaN], [0.6666666666666666, 0.6666666666666666, 1.0], [NaN, NaN, NaN], [0.3333333333333333, 0.6666666666666666, 1.0]], "annotations_collapse": [[null, "0%", null], ["33%\n\u00b10.27", "33%\n\u00b10.27", "100%\n\u00b10.00"], [null, null, null], ["67%\n\u00b10.27", "67%\n\u00b10.27", "100%\n\u00b10.00"], [null, null, null], ["33%\n\u00b10.27", "67%\n\u00b10.27", "100%\n\u00b10.00"]], "grid_firms": [[NaN, 5.0, NaN], [4.666666666666667, 3.6666666666666665, 0.6666666666666666], [NaN, NaN, NaN], [4.333333333333333, 3.3333333333333335, 1.0], [NaN, NaN, NaN], [4.666666666666667, 2.0, 1.0]], "annotations_firms": [[null, "5.0", null], ["4.7\n\u00b10.3", "3.7\n\u00b11.3", "0.7\n\u00b10.3"], [null, null, null], ["4.3\n\u00b10.3", "3.3\n\u00b11.2", "1.0\n\u00b10.0"], [null, null, null], ["4.7\n\u00b10.3", "2.0\n\u00b11.5", "1.0\n\u00b10.0"]], "per_seed_firms": {"1,2": [0, 1, 1], "1,0": [5, 4, 5], "1,1": [1, 5, 5], "0,1": [5], "3,0": [4, 5, 4], "3,2": [1, 1, 1], "5,0": [5, 5, 4], "3,1": [1, 4, 5], "5,1": [5, 0, 1], "5,2": [1, 1, 1]}, "available": [[false, true, false], [true, true, true], [false, false, false], [true, true, true], [false, false, false], [true, true, true]], "single_seed": [[false, true, false], [false, false, false], [false, false, false], [false, false, false], [false, false, false], [false, false, false]]}}