{"_meta": {"logs_dir": "C:\\Users\\cbcro\\OneDrive - Princeton University\\Thesis\\AI-Bazaar\\AI-Bazaar\\logs\\exp1_anthropic_claude-sonnet-4.6", "good": "food", "created": 1774485011.889466}, "data": {"grid_median": [[NaN, NaN, NaN], [326.0, 152.0, 23.0], [NaN, NaN, NaN], [206.5, 109.5, 30.0], [NaN, NaN, NaN], [234.0, 151.0, 31.0]], "grid_se": [[NaN, NaN, NaN], [NaN, NaN, 1.666666666666667], [NaN, NaN, NaN], [75.49999999999999, 59.49999999999999, 0.5773502691896258], [NaN, NaN, NaN], [NaN, 80.0, 0.33333333333333337]], "per_seed": {"1,2": [23, 18, 23], "1,1": [152, -1, -1], "1,0": [-1, 326, -1], "0,1": [-1], "3,0": [131, 282, -1], "3,1": [50, 169, -1], "3,2": [31, 29, 30], "5,0": [-1, -1, 234], "5,1": [71, 231, -1], "5,2": [32, 31, 31]}, "available": [[false, true, false], [true, true, true], [false, false, false], [true, true, true], [false, false, false], [true, true, true]]}}