{"_meta": {"logs_dir": "C:\\Users\\cbcro\\OneDrive - Princeton University\\Thesis\\AI-Bazaar\\AI-Bazaar\\logs\\exp2_gemini-3-flash-preview", "good": "car", "created": 1774760632.1376505}, "data": {"honest": {"0,1": {"ts": [0.0, 1.0, 2.0, 3.0, 4.0, 5.0, 6.0, 7.0, 8.0, 9.0, 10.0, 11.0, 12.0, 13.0, 14.0, 15.0, 16.0, 17.0, 18.0, 19.0, 20.0, 21.0, 22.0, 23.0, 24.0, 25.0, 26.0, 27.0, 28.0, 29.0, 30.0, 31.0, 32.0, 33.0, 34.0, 35.0, 36.0, 37.0, 38.0, 39.0, 40.0, 41.0, 42.0, 43.0, 44.0, 45.0, 46.0, 47.0, 48.0, 49.0], "mean": [0.8027777777777779, 0.8111111111111112, 0.8194444444444445, 0.8277777777777778, 0.8333333333333334, 0.8500000000000001, 0.8666666666666667, 0.8805555555555555, 0.8916666666666666, 0.8972222222222221, 0.911111111111111, 0.9138888888888889, 0.9194444444444444, 0.9305555555555555, 0.938888888888889, 0.9416666666666668, 0.9500000000000001, 0.9555555555555556, 0.9583333333333334, 0.9583333333333334, 0.9666666666666667, 0.975, 0.9833333333333334, 0.9833333333333334, 0.9833333333333334, 0.9861111111111112, 0.9944444444444445, 0.9944444444444445, 0.9972222222222222, 1.0, 1.0, 1.0, 1.0, 1.0, 1.0, 1.0, 1.0, 1.0, 1.0, 1.0, 1.0, 1.0, 1.0, 1.0, 1.0, 1.0, 1.0, 1.0, 1.0, 1.0], "std": [0.003928371006591917, 0.01039349274103869, 0.01416394309331324, 0.020786985482077417, 0.02453266907313286, 0.037883838047182886, 0.03402069087198856, 0.023895347964007253, 0.018002057495577376, 0.02389534796400726, 0.020786985482077427, 0.01712337223046932, 0.017123372230469416, 0.017123372230469402, 0.010393492741038788, 0.013608276348795476, 0.01178511301977575, 0.007856742013183834, 0.01178511301977575, 0.01178511301977575, 0.006804138174397693, 0.006804138174397738, 0.006804138174397738, 0.006804138174397738, 0.006804138174397738, 0.003928371006591917, 0.007856742013183834, 0.007856742013183834, 0.003928371006591917, 0.0, 0.0, 0.0, 0.0, 0.0, 0.0, 0.0, 0.0, 0.0, 0.0, 0.0, 0.0, 0.0, 0.0, 0.0, 0.0, 0.0, 0.0, 0.0, 0.0, 0.0]}, "9,0": {"ts": [0.0, 1.0, 2.0, 3.0, 4.0, 5.0, 6.0, 7.0, 8.0, 9.0, 10.0, 11.0, 12.0, 13.0, 14.0, 15.0, 16.0, 17.0, 18.0, 19.0, 20.0, 21.0, 22.0, 23.0, 24.0, 25.0, 26.0, 27.0, 28.0, 29.0, 30.0, 31.0, 32.0, 33.0, 34.0, 35.0, 36.0, 37.0, 38.0, 39.0, 40.0, 41.0, 42.0, 43.0, 44.0, 45.0, 46.0, 47.0, 48.0, 49.0], "mean": [0.8702741702741702, 0.8593073593073594, 0.8450937950937951, 0.8371572871572871, 0.8339826839826839, 0.838961038961039, 0.8375180375180374, 0.8248196248196248, 0.8186868686868687, 0.8108946608946609, 0.8125541125541126, 0.8139249639249639, 0.8231601731601731, 0.82005772005772, 0.817027417027417, 0.8107503607503608, 0.8137085137085137, 0.8248196248196248, 0.8415584415584415, 0.8463924963924964, 0.847979797979798, 0.8432178932178932, 0.84011544011544, 0.8323953823953824, 0.8383838383838383, 0.8352092352092352, 0.829004329004329, 0.8259018759018759, 0.8196969696969697, 0.8305916305916305, 0.8493506493506494, 0.8477633477633478, 0.851082251082251, 0.851082251082251, 0.8494949494949494, 0.8448051948051948, 0.8432900432900432, 0.8591630591630591, 0.8560606060606061, 0.8498556998556999, 0.8483405483405484, 0.8480519480519481, 0.8528138528138528, 0.8544733044733045, 0.8515151515151516, 0.8594516594516595, 0.8547619047619048, 0.8516594516594518, 0.8576479076479077, 0.8560606060606061], "std": [0.002605406938711107, 0.004948464126834729, 0.009897454224400404, 0.01656971608102283, 0.020240892306961956, 0.0049861912101503945, 0.0039728426833870656, 0.011273896095021392, 0.010131370575802531, 0.004344608720728658, 0.015743932694933203, 0.01675156254545865, 0.023139597878667713, 0.027778433679780903, 0.015416496884717844, 0.014414493817684174, 0.01873791686924414, 0.011273896095021392, 0.02853423614510204, 0.025728962567374655, 0.02377166958900839, 0.027659556150385504, 0.02584221807275453, 0.020415538314553238, 0.03221417905403808, 0.034361012635502945, 0.031462064607110984, 0.03014819924260698, 0.02785572168310636, 0.030792447141931606, 0.04005362372025715, 0.0396166316111483, 0.025642423915986368, 0.025642423915986368, 0.0256602824551783, 0.02772985502764036, 0.025983644202822204, 0.03628338105422599, 0.03414200573028691, 0.03368767146082207, 0.03333864265606927, 0.040850450806533205, 0.0272486666352488, 0.021723043603642987, 0.01377594110806648, 0.0052108138774221106, 0.00514344499873643, 0.00729822142360853, 0.00840230882213438, 0.010367038973877132]}, "0,0": {"ts": [0.0, 1.0, 2.0, 3.0, 4.0, 5.0, 6.0, 7.0, 8.0, 9.0, 10.0, 11.0, 12.0, 13.0, 14.0, 15.0, 16.0, 17.0, 18.0, 19.0, 20.0, 21.0, 22.0, 23.0, 24.0, 25.0, 26.0, 27.0, 28.0, 29.0, 30.0, 31.0, 32.0, 33.0, 34.0, 35.0, 36.0, 37.0, 38.0, 39.0, 40.0, 41.0, 42.0, 43.0, 44.0, 45.0, 46.0, 47.0, 48.0, 49.0], "mean": [0.8055555555555557, 0.8111111111111112, 0.8222222222222223, 0.8305555555555557, 0.8444444444444446, 0.8555555555555556, 0.8583333333333334, 0.8694444444444445, 0.8833333333333333, 0.8916666666666666, 0.9083333333333333, 0.9138888888888889, 0.9249999999999999, 0.9277777777777777, 0.936111111111111, 0.9472222222222223, 0.9472222222222223, 0.9611111111111111, 0.9694444444444444, 0.9722222222222222, 0.9722222222222222, 0.9833333333333334, 0.9861111111111112, 0.9916666666666667, 0.9916666666666667, 0.9916666666666667, 1.0, 1.0, 1.0, 1.0, 1.0, 1.0, 1.0, 1.0, 1.0, 1.0, 1.0, 1.0, 1.0, 1.0, 1.0, 1.0, 1.0, 1.0, 1.0, 1.0, 1.0, 1.0, 1.0, 1.0], "std": [0.003928371006591917, 0.003928371006591917, 0.01039349274103869, 0.01712337223046936, 0.020786985482077427, 0.030681558381075707, 0.03118047822311616, 0.02749859704614351, 0.027216552697590816, 0.020412414523193124, 0.013608276348795386, 0.014163943093313343, 0.018002057495577428, 0.015713484026367772, 0.010393492741038788, 0.007856742013183834, 0.007856742013183834, 0.007856742013183834, 0.007856742013183834, 0.003928371006591917, 0.003928371006591917, 0.006804138174397738, 0.003928371006591917, 0.0, 0.0, 0.0, 0.0, 0.0, 0.0, 0.0, 0.0, 0.0, 0.0, 0.0, 0.0, 0.0, 0.0, 0.0, 0.0, 0.0, 0.0, 0.0, 0.0, 0.0, 0.0, 0.0, 0.0, 0.0, 0.0, 0.0]}, "3,1": {"ts": [0.0, 1.0, 2.0, 3.0, 4.0, 5.0, 6.0, 7.0, 8.0, 9.0, 10.0, 11.0, 12.0, 13.0, 14.0, 15.0, 16.0, 17.0, 18.0, 19.0, 20.0, 21.0, 22.0, 23.0, 24.0, 25.0, 26.0, 27.0, 28.0, 29.0, 30.0, 31.0, 32.0, 33.0, 34.0, 35.0, 36.0, 37.0, 38.0, 39.0, 40.0, 41.0, 42.0, 43.0, 44.0, 45.0, 46.0, 47.0, 48.0, 49.0], "mean": [0.7944444444444444, 0.7861111111111111, 0.7833333333333333, 0.8027777777777779, 0.7944444444444444, 0.8027777777777777, 0.8166666666666668, 0.8222222222222223, 0.813888888888889, 0.8250000000000001, 0.8305555555555556, 0.8333333333333334, 0.8416666666666668, 0.8472222222222223, 0.8527777777777779, 0.8527777777777779, 0.8555555555555555, 0.8555555555555555, 0.8583333333333334, 0.8583333333333334, 0.8611111111111112, 0.8611111111111112, 0.8583333333333334, 0.8583333333333334, 0.8583333333333334, 0.8611111111111112, 0.8611111111111112, 0.8638888888888889, 0.8638888888888889, 0.8611111111111112, 0.8611111111111112, 0.8611111111111112, 0.8583333333333334, 0.8583333333333334, 0.8583333333333334, 0.8583333333333334, 0.8583333333333334, 0.8583333333333334, 0.8583333333333334, 0.8555555555555556, 0.8555555555555556, 0.8527777777777779, 0.85, 0.85, 0.85, 0.85, 0.85, 0.85, 0.8472222222222223, 0.8472222222222223],