{"_meta": {"logs_dir": "C:\\Users\\cbcro\\OneDrive - Princeton University\\Thesis\\AI-Bazaar\\AI-Bazaar\\logs\\exp2_gemini-3-flash-preview", "good": "car", "created": 1774760627.0947983}, "data": {"agg": {"0,1": null, "9,0": {"ts": [0.0, 1.0, 2.0, 3.0, 4.0, 5.0, 6.0, 7.0, 8.0, 9.0, 10.0, 11.0, 12.0, 13.0, 14.0, 15.0, 16.0, 17.0, 18.0, 19.0, 20.0, 21.0, 22.0, 23.0, 24.0, 25.0, 26.0, 27.0, 28.0, 29.0, 30.0, 31.0, 32.0, 33.0, 34.0, 35.0, 36.0, 37.0, 38.0, 39.0, 40.0, 41.0, 42.0, 43.0, 44.0, 45.0, 46.0, 47.0, 48.0, 49.0], "mean": [0.026515151515151502, 0.10273569023569022, 0.1161345598845599, 0.15708273208273207, 0.21103387353387348, 0.19885532722542523, 0.1818373217721773, 0.171493588421478, 0.19059105383672395, 0.18799985439698796, 0.20983311224094336, 0.21621904873988174, 0.22243413070334728, 0.22414656679441625, 0.20184789420174645, 0.21482921057161533, 0.20987998245804704, 0.2072220416614182, 0.200114463254927, 0.2137816085318107, 0.21765950406709367, 0.21687386586614843, 0.22082082123822386, 0.21874719930197561, 0.2195134685375245, 0.21732070085805066, 0.21836071584812347, 0.22219958451365515, 0.22026825649289436, 0.22401332577228925, 0.22139237139288034, 0.22061949073617057, 0.22672416860918307, 0.22716236459656156, 0.2246961031589539, 0.22175434254422743, 0.22490680033854926, 0.2278662849179013, 0.22857982107033695, 0.22978625341680944, 0.22815620209156884, 0.2263241856270073, 0.2290254920157914, 0.22913826336402787, 0.22881665562799267, 0.23477185128996206, 0.24028292015332842, 0.24143627099156562, 0.244064186144293, 0.24595332767715736], "std": [0.13990673865423786, 0.132135485612537, 0.11603326837222222, 0.1321069864046753, 0.09234199229569526, 0.049109550653938475, 0.037274898146210905, 0.04041903110130801, 0.01806502355564633, 0.01770987458417719, 0.02559518555839322, 0.01647986641585413, 0.009580299537395517, 0.02325137137675993, 0.028055253706010863, 0.020663592362583375, 0.020432903220712124, 0.022729132852009674, 0.02112874047805998, 0.022834540893494903, 0.033523817133753936, 0.02898398942260443, 0.031386585995919314, 0.02693485776784813, 0.025792986395337093, 0.024260982941243233, 0.019655580288456834, 0.019218036395278176, 0.016001403284775964, 0.017573186103615294, 0.024177369121057602, 0.022236370331570752, 0.018470297408902107, 0.02047884594471478, 0.02528003011546637, 0.025455358178835725, 0.026395557410746142, 0.024829000312200353, 0.0255578718539848, 0.02603768923689819, 0.020742523996355212, 0.01662133803652864, 0.02163922118369726, 0.01805039607291121, 0.016779453915004558, 0.015086693518699837, 0.014782548517912516, 0.016464111031252924, 0.016983684836000844, 0.017445116416073044]}, "0,0": null, "3,1": {"ts": [0.0, 1.0, 2.0, 3.0, 4.0, 5.0, 6.0, 7.0, 8.0, 9.0, 10.0, 11.0, 12.0, 13.0, 14.0, 15.0, 16.0, 17.0, 18.0, 19.0, 20.0, 21.0, 22.0, 23.0, 24.0, 25.0, 26.0, 27.0, 28.0, 29.0, 30.0, 31.0, 32.0, 33.0, 34.0, 35.0, 36.0, 37.0, 38.0, 39.0, 40.0, 41.0, 42.0, 43.0, 44.0, 45.0, 46.0, 47.0, 48.0, 49.0], "mean": [-0.20324074074074075, -0.109006734006734, 0.009193121693121678, 0.09543751002084333, 0.11446269779603113, 0.15536773275743868, 0.18896554285163678, 0.2041278608970817, 0.21066967360490485, 0.231624550082115, 0.243949901766454, 0.25249691169418803, 0.2590558694138004, 0.26647108779586454, 0.26280999795685916, 0.2681817150772093, 0.2706055550432848, 0.2840165571236381, 0.2894314171904895, 0.2959978287740855, 0.29802992724586747, 0.3006639938799662, 0.3015792613173676, 0.3032249010927713, 0.30242011536333574, 0.30594973014167154, 0.3115685466176637, 0.31535353959280077, 0.31691618552317996, 0.31992914651481724, 0.324264463802228, 0.3252017181600524, 0.3239629783677327, 0.3233015142546531, 0.3265322288343597, 0.3305687957164813, 0.3321790759000166, 0.3340927662048753, 0.336273773275809, 0.33608690500099164, 0.33678907711073447, 0.33806530288130004, 0.3391227896728725, 0.34149180538785745, 0.3418948236369665, 0.3434269366682379, 0.34472838561289226, 0.3456516098749148, 0.3459328998834191, 0.3462607924647247], "std": [0.15027552427510985, 0.05482186299088973, 0.05922745523747133, 0.04131743140182815, 0.050690321591916124, 0.04967680035924699, 0.03408788361583985, 0.05395015363777583, 0.0337997881722311, 0.020815198057218272, 0.011757608435388199, 0.0030527312049891727, 0.0036535388728430353, 0.004421985376030733, 0.005999152156578185, 0.009164588908858984, 0.0064537607268008446, 0.010307975564375023, 0.010467042782955644, 0.008347224651044736, 0.012851805563259754, 0.010102034313643692, 0.007117270832461597, 0.009900407416971433, 0.009599696193642652, 0.005287724050194248, 0.006816539335647298, 0.004880238987087037, 0.0066182972482738784, 0.010150641716287226, 0.009482598821673795, 0.0066384666592219305, 0.006327735836297586, 0.0065524428266669045, 0.0067732804718263345, 0.0058372332588384505, 0.005111760885763215, 0.0059812059291805605, 0.005867462214008173, 0.007188380623963205, 0.006570699679901292, 0.004694070971166824, 0.003644911988025445, 0.0036667474969724664, 0.004620649654669983, 0.004141326079009111, 0.004505168451614988, 0.00462677709053505, 0.005481486669558494, 0.005542672925981978]}, "6,1": {"ts": [0.0, 1.0, 2.0, 3.0, 4.0, 5.0, 6.0, 7.0, 8.0, 9.0, 10.0, 11.0, 12.0, 13.0, 14.0, 15.0, 16.0, 17.0, 18.0, 19.0, 20.0, 21.0, 22.0, 23.0, 24.0, 25.0, 26.0, 27.0, 28.0, 29.0, 30.0, 31.0, 32.0, 33.0, 34.0, 35.0, 36.0, 37.0, 38.0, 39.0, 40.0, 41.0, 42.0, 43.0, 44.0, 45.0, 46.0, 47.0, 48.0, 49.0], "mean": [-0.059343434343434365, 0.061111111111111116, 0.12371031746031742, 0.2048039923039923, 0.22509920634920633, 0.2886283469616802, 0.31402093277093274, 0.31396959521959517, 0.32887168432511577, 0.3500860421493806, 0.3611852313445451, 0.3648827573405242, 0.37305769410295037, 0.3737050166572328, 0.37105760515961955, 0.3750631510734454, 0.38525492442282844, 0.3953565529488301, 0.3994009809378091, 0.39993218597237273, 0.40565543267232623, 0.40775495412750934, 0.4131751667933776, 0.41487812721459755, 0.4162698692903503, 0.42338141072722096, 0.42625307695396747, 0.42575979142627934, 0.4309023533566803, 0.4359047697083189, 0.43491340463754974, 0.4345764664205139, 0.4341415878023976, 0.43646603388195904, 0.43959595518598943, 0.4410556732017262, 0.4429186313293543, 0.4473410088807687, 0.44756153847895463, 0.44930475523007757, 0.45112992754333475, 0.4524653832779146, 0.45234982579225275, 0.4534181679667367, 0.45452640081917356, 0.4548594505326556, 0.4553335515443824, 0.4556043080306906, 0.4574413641801773, 0.45921820253956236], "std": [0.3719629251853985, 0.23565587922994377, 0.13391321193524486, 0.10925149478739676, 0.08456676648447406, 0.07390979067848805, 0.06057409136024551, 0.06210978948070137, 0.05615911153165316, 0.04985798778324765, 0.0612958169395217, 0.06687637912512796, 0.0686395446641205, 0.06116340315099664, 0.06195558433386718, 0.05436530499483538, 0.0489825947267858, 0.05091691936376777, 0.048712738848484816, 0.04679571823511394, 0.04561202165406571, 0.04131571883677453, 0.041487081755508914, 0.0406642998499511, 0.04025474834927711, 0.03576229844468884, 0.03495802030260933, 0.028458759002428988, 0.02829176479362216, 0.024574664014262976, 0.024437894521777557, 0.026243889542329993, 0.027413272037908765, 0.02670237793564066, 0.023026602878839498, 0.023038027636474483, 0.020714001756802342, 0.01964767903455703, 0.019282401714136404, 0.02060587955991245, 0.021624825666429547, 0.02159670101820342, 0.022478602640521938, 0.022326988028676883, 0.022382577667790764, 0.02267134337612575, 0.02207767010316228, 0.022944515158450373, 0.023525559506760375, 0.02270828206798826]}, "3,0": {"ts": [0.0, 1.0, 2.0, 3.0, 4.0, 5.0, 6.0, 7.0, 8.0, 9.0, 10.0, 11.0, 12.0, 13.0, 14.0, 15.0, 16.0, 17.0, 18.0, 19.0, 20.0, 21.0, 22.0, 23.0, 24.0, 25.0, 26.0, 27.0, 28.0, 29.0, 30.0, 31.0, 32.0, 33.0, 34.0, 35.0, 36.0, 37.0, 38.0, 39.0, 40.0, 41.0, 42.0, 43.0, 44.0, 45.0, 46.0, 47.0, 48.0, 49.0],