{"_meta": {"logs_dir": "C:\\Users\\cbcro\\OneDrive - Princeton University\\Thesis\\AI-Bazaar\\AI-Bazaar\\logs\\exp2_gemini-3-flash-preview", "good": "car", "created": 1774760627.1668694}, "data": {"agg": {"0,1": {"ts": [0.0, 1.0, 2.0, 3.0, 4.0, 5.0, 6.0, 7.0, 8.0, 9.0, 10.0, 11.0, 12.0, 13.0, 14.0, 15.0, 16.0, 17.0, 18.0, 19.0, 20.0, 21.0, 22.0, 23.0, 24.0, 25.0, 26.0, 27.0, 28.0, 29.0, 30.0, 31.0, 32.0, 33.0, 34.0, 35.0, 36.0, 37.0, 38.0, 39.0, 40.0, 41.0, 42.0, 43.0, 44.0, 45.0, 46.0, 47.0, 48.0, 49.0], "mean": [0.0, 0.0, 0.0, 0.0, 0.0, 0.0, 0.0, 0.0, 0.0, 0.0, 0.0, 0.0, 0.0, 0.0, 0.0, 0.0, 0.0, 0.0, 0.0, 0.0, 0.0, 0.0, 0.0, 0.0, 0.0, 0.0, 0.0, 0.0, 0.0, 0.0, 0.0, 0.0, 0.0, 0.0, 0.0, 0.0, 0.0, 0.0, 0.0, 0.0, 0.0, 0.0, 0.0, 0.0, 0.0, 0.0, 0.0, 0.0, 0.0, 0.0], "std": [0.0, 0.0, 0.0, 0.0, 0.0, 0.0, 0.0, 0.0, 0.0, 0.0, 0.0, 0.0, 0.0, 0.0, 0.0, 0.0, 0.0, 0.0, 0.0, 0.0, 0.0, 0.0, 0.0, 0.0, 0.0, 0.0, 0.0, 0.0, 0.0, 0.0, 0.0, 0.0, 0.0, 0.0, 0.0, 0.0, 0.0, 0.0, 0.0, 0.0, 0.0, 0.0, 0.0, 0.0, 0.0, 0.0, 0.0, 0.0, 0.0, 0.0]}, "9,0": {"ts": [0.0, 1.0, 2.0, 3.0, 4.0, 5.0, 6.0, 7.0, 8.0, 9.0, 10.0, 11.0, 12.0, 13.0, 14.0, 15.0, 16.0, 17.0, 18.0, 19.0, 20.0, 21.0, 22.0, 23.0, 24.0, 25.0, 26.0, 27.0, 28.0, 29.0, 30.0, 31.0, 32.0, 33.0, 34.0, 35.0, 36.0, 37.0, 38.0, 39.0, 40.0, 41.0, 42.0, 43.0, 44.0, 45.0, 46.0, 47.0, 48.0, 49.0], "mean": [0.8520983996069263, 0.7899998320871804, 0.8166690194929123, 0.6544271911663216, 0.644263096766306, 0.7526360662962608, 0.3333333333333333, 0.710822473633607, 0.6539712351814263, 0.6932081296629792, 0.685716546858829, 0.7558469762779819, 0.3846632338775544, 0.6965047770002455, 0.8518591641987495, 0.5748022896888275, 0.583881178475773, 0.4783377057502744, 0.6929807380142394, 0.49067263400916333, 0.22115384615384615, 0.3690660172653335, 0.2237327326728726, 0.47134857152718457, 0.5540168307991412, 0.40910668363976144, 0.4138777573197589, 0.39808006535947715, 0.47460969900282013, 0.46048722519310753, 0.8077513227513228, 0.37489501506842543, 0.503234347319513, 0.0, 0.17228464419475656, 0.34935022742040284, 0.18089430894308944, 0.5179385298585953, 0.4391609036422314, 0.5157358052094895, 0.5478105833689916, 0.852597278129193, 0.4128694873577337, 0.41100401072481113, 0.6703115034924698, 0.12896825396825398, 0.4008493599893039, 0.32561962193902305, 0.20717517776341307, 0.22240000000000001], "std": [0.055926294685874046, 0.178676688221235, 0.04988478122082832, 0.15807197752211763, 0.06866427689370916, 0.05158542735612984, 0.4714045207910317, 0.16206715587351989, 0.06624804123818746, 0.045946740262254857, 0.09415865502877553, 0.09597145536358896, 0.2733338950522768, 0.059337959725494605, 0.17901232496521688, 0.17279168269580786, 0.42513382701407754, 0.33870900162463835, 0.10552303908942387, 0.09060249156857864, 0.3127587686017422, 0.2878267097929945, 0.16515430966574557, 0.3483800018439565, 0.39837788886774356, 0.11140442937593166, 0.29542091939369636, 0.2984902420274898, 0.3461730414080031, 0.3440562166514787, 0.2407628020591038, 0.2694986531405324, 0.03613229305342204, 0.0, 0.24364728040884787, 0.31477544713220423, 0.2558231850634257, 0.375676522759448, 0.3106901163275423, 0.14037042282106427, 0.3949026617599503, 0.1653901969261651, 0.11507269246648157, 0.3491146430636502, 0.017084547715176257, 0.1823886538774825, 0.0407143662503813, 0.23428752523965207, 0.16039561817145226, 0.3145210962717763]}, "0,0": {"ts": [0.0, 1.0, 2.0, 3.0, 4.0, 5.0, 6.0, 7.0, 8.0, 9.0, 10.0, 11.0, 12.0, 13.0, 14.0, 15.0, 16.0, 17.0, 18.0, 19.0, 20.0, 21.0, 22.0, 23.0, 24.0, 25.0, 26.0, 27.0, 28.0, 29.0, 30.0, 31.0, 32.0, 33.0, 34.0, 35.0, 36.0, 37.0, 38.0, 39.0, 40.0, 41.0, 42.0, 43.0, 44.0, 45.0, 46.0, 47.0, 48.0, 49.0], "mean": [0.0, 0.0, 0.0, 0.0, 0.0, 0.0, 0.0, 0.0, 0.0, 0.0, 0.0, 0.0, 0.0, 0.0, 0.0, 0.0, 0.0, 0.0, 0.0, 0.0, 0.0, 0.0, 0.0, 0.0, 0.0, 0.0, 0.0, 0.0, 0.0, 0.0, 0.0, 0.0, 0.0, 0.0, 0.0, 0.0, 0.0, 0.0, 0.0, 0.0, 0.0, 0.0, 0.0, 0.0, 0.0, 0.0, 0.0, 0.0, 0.0, 0.0], "std": [0.0, 0.0, 0.0, 0.0, 0.0, 0.0, 0.0, 0.0, 0.0, 0.0, 0.0, 0.0, 0.0, 0.0, 0.0, 0.0, 0.0, 0.0, 0.0, 0.0, 0.0, 0.0, 0.0, 0.0, 0.0, 0.0, 0.0, 0.0, 0.0, 0.0, 0.0, 0.0, 0.0, 0.0, 0.0, 0.0, 0.0, 0.0, 0.0, 0.0, 0.0, 0.0, 0.0, 0.0, 0.0, 0.0, 0.0, 0.0, 0.0, 0.0]}, "3,1": {"ts": [0.0, 1.0, 2.0, 3.0, 4.0, 5.0, 6.0, 7.0, 8.0, 9.0, 10.0, 11.0, 12.0, 13.0, 14.0, 15.0, 16.0, 17.0, 18.0, 19.0, 20.0, 21.0, 22.0, 23.0, 24.0, 25.0, 26.0, 27.0, 28.0, 29.0, 30.0, 31.0, 32.0, 33.0, 34.0, 35.0, 36.0, 37.0, 38.0, 39.0, 40.0, 41.0, 42.0, 43.0, 44.0, 45.0, 46.0, 47.0, 48.0, 49.0], "mean": [0.38164835399157965, 0.4691352009766608, 0.24228223854433553, 0.16153225806451613, 0.2503434104440391, 0.0, 0.08576480990274093, 0.09224318658280922, 0.20434180514825676, 0.06768558951965066, 0.039329685362517096, 0.05297473512632437, 0.0, 0.0, 0.14388956501524705, 0.12340348983630149, 0.0, 0.0, 0.0, 0.0, 0.062162162162162166, 0.05319326329831583, 0.0588768115942029, 0.0, 0.07626076260762608, 0.0, 0.0, 0.058558558558558564, 0.0, 0.08378378378378377, 0.0, 0.04154624277456647, 0.07320326830081707, 0.0, 0.0, 0.0, 0.0, 0.0, 0.0, 0.08949416342412451, 0.0, 0.0773067331670823, 0.06561334211103796, 0.0, 0.0, 0.0, 0.0, 0.0, 0.059322033898305086, 0.0], "std": [0.08034244926577765, 0.1388652581226903, 0.19826903686537922, 0.11535879948577768, 0.019766557646520674, 0.0, 0.12128975733880656, 0.13045156550192072, 0.16523895737963187, 0.09572187867590817, 0.055620574443538275, 0.07491758887877033, 0.0, 0.0, 0.11515991201780239, 0.08728725354305178, 0.0, 0.0, 0.0, 0.0, 0.08791057279616536, 0.07522663438336123, 0.08326438546580724, 0.0, 0.10784900475661979, 0.0, 0.0, 0.0828143077065326, 0.0, 0.11848816333396202, 0.0, 0.05875525999743711, 0.10352505484105198, 0.0, 0.0, 0.0, 0.0, 0.0, 0.0, 0.12656385966763106, 0.0, 0.10932823050764574, 0.09279127828605563, 0.0, 0.0, 0.0, 0.0, 0.0, 0.08389402488653953, 0.0]}, "6,1": {"ts": [0.0, 1.0, 2.0, 3.0, 4.0, 5.0, 6.0, 7.0, 8.0, 9.0, 10.0, 11.0, 12.0, 13.0, 14.0, 15.0, 16.0, 17.0, 18.0, 19.0, 20.0, 21.0, 22.0, 23.0, 24.0, 25.0, 26.0, 27.0, 28.0, 29.0, 30.0, 31.0, 32.0, 33.0, 34.0, 35.0, 36.0, 37.0, 38.0, 39.0, 40.0, 41.0, 42.0, 43.0, 44.0, 45.0, 46.0, 47.0, 48.0, 49.0], "mean": [0.6550509038364908, 0.6517647895970012, 0.5330222132553333, 0.2676959191043698, 0.3269829328643852, 0.0, 0.15631655911243922, 0.25898234174163864, 0.3163885754742468, 0.24396905526405088, 0.2560862977037084, 0.3228862555146003, 0.10163934426229508, 0.21030035835533764, 0.34727363866255806, 0.2263488757104629, 0.06756756756756757, 0.0, 0.07251381215469614, 0.2904028120867204, 0.1532059072662321, 0.1865115896960076, 0.062162162162162166, 0.0, 0.21034227288377352, 0.0, 0.04691358024691358, 0.23073580445358474, 0.05958549222797927, 0.11397058823529412, 0.2525560337321824, 0.12876841666117736, 0.06095238095238095, 0.0, 0.1320205428664645, 0.1357889044059257, 0.0, 0.05043859649122807, 0.24081376270930652, 0.084070796460177, 0.0, 0.06199460916442048, 0.18762208540414904, 0.1953626490579999, 0.0, 0.08771929824561403, 0.09212198221092759, 0.14870513120396822, 0.15609273903666426, 0.1403635291406554], "std": [0.19060720303219905, 0.09752265295770522, 0.13395436829434137, 0.19552523929836435, 0.06515550291278165, 0.0, 0.12015192800627265, 0.23735256413317718, 0.11336136733910403, 0.0702719972921038, 0.18722978595061743, 0.2554330824675564, 0.1437397391264457, 0.1541832885831517, 0.0890539816190182, 0.16025424097904375, 0.09555497043061453, 0.0, 0.10255001660854626, 0.14422016934709642, 0.1129929097438381, 0.14110742301558424, 0.08791057279616536, 0.0, 0.16533060669980004, 0.0, 0.06634582144466372, 0.055014006899035045, 0.08426661122948495, 0.16117875159399245, 0.21096761041306358, 0.09549554099134304, 0.08619968380178865, 0.0, 0.09466983995125113, 0.09630775131972298, 0.0, 0.07133094722495874, 0.188391525093131, 0.11889406055349029, 0.0, 0.08767361707434282, 0.14478999045868668, 0.14761747724703492, 0.0, 0.1240538212607978, 0.13028015663538678, 0.10799570749184272, 0.11346535470966447, 0.10230643321971877]},