{"_meta": {"logs_dir": "C:\\Users\\cbcro\\OneDrive - Princeton University\\Thesis\\AI-Bazaar\\AI-Bazaar\\logs\\exp2_gemini-3-flash-preview", "good": "car", "created": 1774760627.0412157}, "data": {"agg": {"0,1": {"ts": [0.0, 1.0, 2.0, 3.0, 4.0, 5.0, 6.0, 7.0, 8.0, 9.0, 10.0, 11.0, 12.0, 13.0, 14.0, 15.0, 16.0, 17.0, 18.0, 19.0, 20.0, 21.0, 22.0, 23.0, 24.0, 25.0, 26.0, 27.0, 28.0, 29.0, 30.0, 31.0, 32.0, 33.0, 34.0, 35.0, 36.0, 37.0, 38.0, 39.0, 40.0, 41.0, 42.0, 43.0, 44.0, 45.0, 46.0, 47.0, 48.0, 49.0], "mean": [661.1111111111112, 866.6666666666666, 904.7619047619047, 683.3333333333334, 895.8333333333334, 473.5714285714286, 1222.2222222222222, 497.22222222222223, 1138.888888888889, 1616.6666666666667, 794.4444444444443, 1289.6825396825395, 1359.5238095238094, 750.0, 1285.3174603174605, 1027.7777777777776, 1572.2222222222224, 243.05555555555554, 603.1746031746032, 1126.984126984127, 473.80952380952385, 1019.4444444444443, 1056.9444444444446, 1544.4444444444443, 326.1904761904762, 805.5555555555555, 967.5925925925926, 2003.148148148148, 797.2222222222222, 1587.9629629629628, 1307.936507936508, 925.0, 1271.4285714285716, 900.7936507936507, 666.6666666666666, 1253.9682539682542, 905.5555555555557, 657.936507936508, 777.7777777777778, 445.5555555555555, 1400.0, 1186.5079365079366, 1205.5555555555557, 1791.6666666666667, 1866.6666666666667, 1659.5238095238094, 1412.5, 1719.047619047619, 1483.3333333333333, 947.2222222222222], "std": [172.3118046585647, 449.6912521077347, 299.28107357086986, 131.23346456686352, 485.0186136176173, 80.42616083674996, 453.0418452861136, 483.06186501534023, 632.211482041169, 102.74023338281629, 916.548813972863, 1373.8299265813698, 389.0653956421308, 720.0822998230956, 353.7141411162387, 374.74271008977894, 195.47346761954645, 669.769976176638, 138.94556666675868, 437.01269517257793, 373.4529691693532, 294.73256343780076, 666.8431479370672, 193.09052441091967, 241.8982001359765, 342.4674446093876, 335.3207215228115, 137.84521447988988, 280.8991295601578, 674.7516435854469, 314.9183947692983, 393.70039370059055, 404.2293415181754, 130.5308270110994, 490.65338146265816, 230.09030181467028, 263.91961869053165, 324.72055160385645, 963.6286872616342, 166.45171323692097, 535.4126134736337, 866.9159185737353, 805.8045592166385, 419.490431621774, 568.7868832159533, 755.1210902379476, 490.2167887781894, 301.9963808706272, 1570.7393871111217, 381.9015127386886]}, "9,0": {"ts": [0.0, 1.0, 2.0, 3.0, 4.0, 5.0, 6.0, 7.0, 8.0, 9.0, 10.0, 11.0, 12.0, 13.0, 14.0, 15.0, 16.0, 17.0, 18.0, 19.0, 20.0, 21.0, 22.0, 23.0, 24.0, 25.0, 26.0, 27.0, 28.0, 29.0, 30.0, 31.0, 32.0, 33.0, 34.0, 35.0, 36.0, 37.0, 38.0, 39.0, 40.0, 41.0, 42.0, 43.0, 44.0, 45.0, 46.0, 47.0, 48.0, 49.0], "mean": [-28739.04761904762, -31191.666666666668, -25410.31746031746, -18822.222222222223, -19461.11111111111, -19513.095238095237, -11611.111111111111, -17871.42857142857, -18694.44444444444, -16058.333333333334, -19288.095238095237, -19594.44444444444, -10509.72222222222, -19319.44444444444, -22163.888888888887, -16969.444444444445, -15968.333333333334, -13841.666666666666, -18615.0, -11633.333333333334, -5833.333333333333, -9797.619047619048, -7055.555555555555, -13791.666666666666, -12122.222222222224, -12836.11111111111, -12991.666666666666, -13805.555555555557, -12333.333333333334, -10708.333333333334, -20055.55555555556, -11583.333333333334, -11141.666666666666, 750.0, -6916.666666666667, -9994.444444444443, -3861.1111111111113, -13319.444444444445, -9533.333333333334, -15180.555555555555, -15000.0, -20200.0, -10847.22222222222, -12011.111111111111, -17603.333333333332, -1722.222222222222, -9458.333333333334, -8041.666666666667, -5180.555555555556, -5133.333333333333], "std": [3937.415384398381, 9432.663403773555, 3179.181817222622, 4288.255566366018, 3587.4352061082145, 496.76105116052844, 19266.32705070407, 4694.953145028564, 617.3919658581358, 4773.901851618746, 308.00451302757136, 1645.213783999432, 8507.891443888295, 3353.4692741755516, 4090.5284303505546, 4692.539061052787, 12203.34676317207, 9788.435637129267, 2151.8867690161273, 2946.5610840812756, 5792.715732327589, 7412.088704064199, 4254.264382017033, 9929.088858276753, 9102.343342293107, 4905.591732595934, 9221.811403165626, 11397.76077206764, 8980.495841297157, 9046.369744574646, 7008.372418088046, 8837.263276728958, 2676.085795557606, 204.1241452319315, 9781.643806413906, 8493.792213895953, 5998.585224147277, 9182.709026302009, 7104.145894397784, 3587.5836119649543, 10841.663464001576, 4885.863963176489, 3347.5967978518042, 8288.561208893872, 1204.7221901980372, 4443.749945738049, 1022.320345532108, 6575.153145660479, 4439.711021070772, 8580.630642454098]}, "0,0": {"ts": [0.0, 1.0, 2.0, 3.0, 4.0, 5.0, 6.0, 7.0, 8.0, 9.0, 10.0, 11.0, 12.0, 13.0, 14.0, 15.0, 16.0, 17.0, 18.0, 19.0, 20.0, 21.0, 22.0, 23.0, 24.0, 25.0, 26.0, 27.0, 28.0, 29.0, 30.0, 31.0, 32.0, 33.0, 34.0, 35.0, 36.0, 37.0, 38.0, 39.0, 40.0, 41.0, 42.0, 43.0, 44.0, 45.0, 46.0, 47.0, 48.0, 49.0], "mean": [985.7142857142857, 875.0, 458.3333333333333, 918.2539682539682, 1125.0, 827.3809523809523, 493.3333333333333, 802.7777777777778, 794.6428571428572, 1116.6666666666667, 1234.7222222222222, 1663.0952380952378, 1047.2222222222224, 1123.015873015873, 1430.952380952381, 1011.1111111111112, 1033.3333333333333, 680.5555555555555, 1206.3492063492065, 1565.4761904761906, 133.33333333333334, 1259.7222222222222, 1788.8888888888887, 859.5238095238095, 655.5555555555555, 1364.2857142857144, 904.1666666666666, 1440.0, 611.1111111111112, 979.3650793650794, 513.8888888888889, 908.7301587301587, 966.6666666666666, 1261.111111111111, 489.2857142857143, 738.8888888888888, 1298.6111111111113, 1358.3333333333333, 1088.888888888889, 1100.0, 1087.3015873015872, 1418.0952380952378, 1083.3333333333333, 1437.3015873015872, 1080.952380952381, 1071.6666666666667, 1472.222222222222, 1589.351851851852, 1510.4166666666667, 837.3015873015873], "std": [309.26729297389556, 176.7766952966369, 562.1140651346684, 177.8167474295228, 398.4344362627307, 453.24166240003507, 484.7909056719424, 523.6240051462806, 351.97148829333975, 726.1006970263987, 621.7539160301006, 664.3006484069715, 124.78376358453447, 391.5120471244631, 231.1118742356143, 149.89708403591155, 377.12361663282536, 241.36315551364953, 147.20029357929687, 530.1518985397688, 758.6537784494028, 569.6442738810179, 376.71418907032626, 121.26506264996998, 285.88178511708014, 466.6788142247926, 140.806210405965, 784.3468620451031, 592.754607482184, 849.4036263956845, 786.410425938448, 371.4506166297321, 579.4313943347743, 486.1666634924262, 204.6857554970579, 431.6920484458314, 360.9775393990841, 601.1947980356993, 1103.6415592745793, 432.04937989385735, 176.39770453089577, 446.6676819970184, 581.3458204571208, 666.9509975680122, 722.2728047871852, 171.57764682174917, 578.6851848888793, 362.8099876045644, 549.818467516527, 390.7873969558787]}, "3,1": {"ts": [0.0, 1.0, 2.0, 3.0, 4.0, 5.0, 6.0, 7.0, 8.0, 9.0, 10.0, 11.0, 12.0, 13.0, 14.0, 15.0, 16.0, 17.0, 18.0, 19.0, 20.0, 21.0, 22.0, 23.0, 24.0, 25.0, 26.0, 27.0, 28.0, 29.0, 30.0, 31.0, 32.0, 33.0, 34.0, 35.0, 36.0, 37.0, 38.0, 39.0, 40.0, 41.0, 42.0, 43.0, 44.0, 45.0, 46.0, 47.0, 48.0, 49.0],