{"_meta": {"logs_dir": "C:\\Users\\cbcro\\OneDrive - Princeton University\\Thesis\\AI-Bazaar\\AI-Bazaar\\logs\\exp1_openai_gpt-5.4", "good": "food", "created": 1774912029.6103926}, "data": {"grid_median": [[NaN, 134.0, NaN], [148.0, 33.0, 32.0], [NaN, NaN, NaN], [157.0, 33.0, 32.0], [NaN, NaN, NaN], [NaN, 87.0, 32.0]], "grid_se": [[NaN, 47.16283847833306, NaN], [43.4664621672081, 0.8819171036881969, 0.0], [NaN, NaN, NaN], [33.99999999999999, 2.185812841434, 0.0], [NaN, NaN, NaN], [NaN, 17.419656840605228, 0.33333333333333337]], "per_seed": {"1,1": [32, 33, 35], "0,1": [91, 134, 249], "1,2": [32, 32, 32], "1,0": [148, 98, 246], "3,0": [191, 123, -1], "3,2": [32, 32, 32], "3,1": [32, 33, 39], "5,0": [-1, -1, -1], "5,1": [38, 87, 93], "5,2": [32, 32, 33]}, "available": [[false, true, false], [true, true, true], [false, false, false], [true, true, true], [false, false, false], [true, true, true]]}}