{"_meta": {"logs_dir": "C:\\Users\\cbcro\\OneDrive - Princeton University\\Thesis\\AI-Bazaar\\AI-Bazaar\\logs\\exp1_openai_gpt-5.4", "good": "food", "created": 1774912029.3992093}, "data": {"grid_collapse": [[NaN, 1.0, NaN], [1.0, 1.0, 1.0], [NaN, NaN, NaN], [0.6666666666666666, 1.0, 1.0], [NaN, NaN, NaN], [0.0, 1.0, 1.0]], "annotations_collapse": [[null, "100%\n\u00b10.00", null], ["100%\n\u00b10.00", "100%\n\u00b10.00", "100%\n\u00b10.00"], [null, null, null], ["67%\n\u00b10.27", "100%\n\u00b10.00", "100%\n\u00b10.00"], [null, null, null], ["0%\n\u00b10.00", "100%\n\u00b10.00", "100%\n\u00b10.00"]], "grid_firms": [[NaN, 1.6666666666666667, NaN], [3.3333333333333335, 0.3333333333333333, 0.6666666666666666], [NaN, NaN, NaN], [4.333333333333333, 1.0, 0.6666666666666666], [NaN, NaN, NaN], [5.0, 1.0, 1.0]], "annotations_firms": [[null, "1.7\n\u00b11.2", null], ["3.3\n\u00b10.3", "0.3\n\u00b10.3", "0.7\n\u00b10.3"], [null, null, null], ["4.3\n\u00b10.3", "1.0\n\u00b10.0", "0.7\n\u00b10.3"], [null, null, null], ["5.0\n\u00b10.0", "1.0\n\u00b10.0", "1.0\n\u00b10.0"]], "per_seed_firms": {"1,1": [0, 0, 1], "0,1": [1, 4, 0], "1,2": [0, 1, 1], "1,0": [3, 4, 3], "3,1": [1, 1, 1], "3,0": [5, 4, 4], "3,2": [0, 1, 1], "5,0": [5, 5, 5], "5,1": [1, 1, 1], "5,2": [1, 1, 1]}, "available": [[false, true, false], [true, true, true], [false, false, false], [true, true, true], [false, false, false], [true, true, true]], "single_seed": [[false, false, false], [false, false, false], [false, false, false], [false, false, false], [false, false, false], [false, false, false]]}}