{"_meta": {"logs_dir": "C:\\Users\\cbcro\\OneDrive - Princeton University\\Thesis\\AI-Bazaar\\AI-Bazaar-lemon\\logs", "good": "food", "created": 1774029767.374998}, "data": {"honest_rep": {"0": {"ts": [0.0, 1.0, 2.0, 3.0, 4.0, 5.0, 6.0, 7.0, 8.0, 9.0, 10.0, 11.0, 12.0, 13.0, 14.0, 15.0, 16.0, 17.0, 18.0, 19.0, 20.0, 21.0, 22.0, 23.0, 24.0, 25.0, 26.0, 27.0, 28.0, 29.0, 30.0, 31.0, 32.0, 33.0, 34.0, 35.0, 36.0, 37.0, 38.0, 39.0], "mean": [0.7886111111111113, 0.7705000000000001, 0.7476083333333334, 0.7335944444444445, 0.7248552777777779, 0.7087620000000001, 0.69583205, 0.6784421666666667, 0.6703357216666667, 0.6617848322500001, 0.6549469537500001, 0.6488828503500002, 0.6459937197150002, 0.6433772136026668, 0.6400142556014, 0.6428639578410101, 0.6430095067908258, 0.6413292711650183, 0.6369299164963521, 0.6304592233076575, 0.6219655576430165, 0.620049242696687, 0.6162232546573692, 0.60848883741104, 0.6030424829792074, 0.6066828802085206, 0.6045655240511575, 0.6009415390453626, 0.5985966347214275, 0.5956975393157947, 0.5949414086261003, 0.5897008990930607, 0.5868945196392176, 0.5837962057488101, 0.5819425811683794, 0.5865012602942852, 0.5873878773326949, 0.5819017736431912, 0.5802984142502977, 0.5801344710355463], "std": [0.002389534796400742, 0.0047585206228951136, 0.007625969883671627, 0.008131697619368234, 0.007520278336965433, 0.008979232889933686, 0.010496259109578885, 0.008195865147447174, 0.008822132591486773, 0.00491362097882116, 0.004521155404907218, 0.006264975582792626, 0.006675427454897988, 0.008569157608997275, 0.008648975583648279, 0.005270547649823962, 0.00830635950749131, 0.007597735501624618, 0.009192973333556611, 0.011759118474993389, 0.01508122904505645, 0.014827274411447355, 0.012386865631282449, 0.011566970864841706, 0.010750574021166328, 0.009510790650976736, 0.013559428426212829, 0.012240267700572325, 0.01565866048593775, 0.017606295440644907, 0.02066362920102198, 0.013870374559424966, 0.012521835385741038, 0.011088198333686043, 0.01013912320614052, 0.012206237344010388, 0.012486529780710636, 0.011991128714270159, 0.015169327660363698, 0.014808417742836864]}, "3": {"ts": [0.0, 1.0, 2.0, 3.0, 4.0, 5.0, 6.0, 7.0, 8.0, 9.0, 10.0, 11.0, 12.0, 13.0, 14.0, 15.0, 16.0, 17.0, 18.0, 19.0, 20.0, 21.0, 22.0, 23.0, 24.0, 25.0, 26.0, 27.0, 28.0, 29.0, 30.0, 31.0, 32.0, 33.0, 34.0, 35.0, 36.0, 37.0, 38.0, 39.0], "mean": [0.782962962962963, 0.7694074074074075, 0.7440666666666669, 0.7289637037037039, 0.7201854814814816, 0.7106341666666669, 0.7015309022222224, 0.6931719308888891, 0.678393046688889, 0.6623186187977779, 0.6501956711611113, 0.6425677635450001, 0.6360605286360558, 0.6357656763835613, 0.6272673121995386, 0.6224840228619514, 0.6243820587613228, 0.6178589925902128, 0.6087593014268743, 0.6017673022525672, 0.5976880363420325, 0.5958699187191475, 0.5872715617350356, 0.5826398517392319, 0.5766687706066537, 0.5834391742900774, 0.5767156369161636, 0.5764527236551166, 0.5766336199629175, 0.5700466120531842, 0.5726581955670142, 0.5695234989699283, 0.5661907531680073, 0.5712940583074325, 0.5680120271919735, 0.570900999824312, 0.5751081955804046, 0.5696590589301525, 0.5656469400514917, 0.5626591655401797], "std": [0.0013857990321385254, 0.005070964172679952, 0.0038014400563546537, 0.012175145103818672, 0.014390899594198975, 0.01769960420543038, 0.021459442645684373, 0.024036007945817166, 0.02627532774647589, 0.020143075783431, 0.019332513242616128, 0.024452123814643522, 0.02903705979812282, 0.02794808594415771, 0.024956709427166768, 0.02835817032635748, 0.030835211816136913, 0.02937489209627961, 0.02945736043485201, 0.024486669265144662, 0.026644022578668047, 0.02363497545806232, 0.02934412828751141, 0.03469564645624545, 0.02825044954178423, 0.029146061547263194, 0.031028111967532492, 0.0356647104012213, 0.033399257594012, 0.031956710858328345, 0.03965609001766964, 0.036062803843391986, 0.03416616216821874, 0.037347836222608496, 0.033744015308607184, 0.031477266646996044, 0.03457466058335649, 0.03452041221324809, 0.037064393320196634, 0.04046930615773171]}, "6": {"ts": [0.0, 1.0, 2.0, 3.0, 4.0, 5.0, 6.0, 7.0, 8.0, 9.0, 10.0, 11.0, 12.0, 13.0, 14.0, 15.0, 16.0, 17.0, 18.0, 19.0, 20.0, 21.0, 22.0, 23.0, 24.0, 25.0, 26.0, 27.0, 28.0, 29.0, 30.0, 31.0, 32.0, 33.0, 34.0, 35.0, 36.0, 37.0, 38.0, 39.0], "mean": [0.7705555555555555, 0.7586111111111112, 0.737888888888889, 0.7181500000000002, 0.7071173333333336, 0.6945579333333335, 0.6757862066666668, 0.6652863160000001, 0.6426819494000001, 0.6220612711266669, 0.6116298783955002, 0.6036028724942835, 0.5952910086065386, 0.590992310873648, 0.5841669044362833, 0.5826875808342936, 0.5822507150256043, 0.5777293800028613, 0.5702622042166291, 0.5653049210243722, 0.5606844919804327, 0.5641905415861889, 0.5578794769342473, 0.5509833532416099, 0.538730194490085, 0.5409250509728186, 0.5326628438688128, 0.5282229586391546, 0.5212029800718115, 0.5062921709263514, 0.5080675340286501, 0.5048222236574137, 0.4974364022737358, 0.49658854607554614, 0.4814105183936441, 0.4871414450729404, 0.4887678511911057, 0.48237429494183454, 0.47475344017497817, 0.46529718118356206], "std": [0.005499719409228733, 0.011573703697777583, 0.016631386733864318, 0.02041242554589399, 0.021498567027181635, 0.03181826616335686, 0.045905781339540985, 0.0379844253719738, 0.026082464091401945, 0.02700851578999363, 0.02748377094790515, 0.022501506970510607, 0.018847308257138297, 0.0194051577598446, 0.02145734561806122, 0.03128578671698156, 0.027380840746404116, 0.02835568048734799, 0.020861392782373506, 0.023984919564918376, 0.02529819653585846, 0.025506005190687048, 0.014777283476895851, 0.015385664242986869, 0.01571397601907515, 0.021995986164641983, 0.03122922239376571, 0.025479688521792557, 0.02901870548310814, 0.016196617063419683, 0.015693901740112752, 0.021943342265343155, 0.019203828212970425, 0.009084182316907382, 0.003367105496498947, 0.023237277566250113, 0.03299330193667881, 0.03432003479064474, 0.030011442565998976, 0.029791739603078782]}, "9": {"ts": [0.0, 1.0, 2.0, 3.0, 4.0, 5.0, 6.0, 7.0, 8.0, 9.0, 10.0, 11.0, 12.0, 13.0, 14.0, 15.0, 16.0, 17.0, 18.0, 19.0, 20.0, 21.0, 22.0, 23.0, 24.0, 25.0, 26.0, 27.0, 28.0, 29.0, 30.0, 31.0, 32.0, 33.0, 34.0, 35.0, 36.0, 37.0, 38.0, 39.0], "mean": [0.7866666666666667, 0.778777777777778, 0.7449000000000002, 0.7046433333333336, 0.7071676666666669, 0.6891199000000002, 0.66982661, 0.6429136900000003, 0.6140780876666669, 0.5978629789000002, 0.5912449098766669, 0.5815166343223335, 0.5616952082091001, 0.5641644803793434, 0.5599664065847424, 0.5479680257452683, 0.5375711411092574, 0.508159804012365, 0.4919700055975185, 0.491298323914581, 0.49057827143681504, 0.49495851573636385, 0.4830084841641391, 0.4889201224158035, 0.4743302994388629, 0.4869997810186028, 0.4687094903321907, 0.4688820646552066, 0.45997938342651273, 0.4532942894431789, 0.45601672563436185, 0.45597957261465766, 0.4442648064598294, 0.4391231451284796, 0.431491780270913, 0.449233015019306, 0.4395332302726511, 0.4555660952684726, 0.4538498401893536, 0.4527778252100396], "std": [0.00942809041582059, 0.01664962091289797, 0.03159757374651836, 0.022575346927320723, 0.023622014821395317, 0.025063974006928724, 0.0352683673247317, 0.03687195172613006, 0.05299245919643743, 0.05006806629879702, 0.043384232502897316, 0.04531029509056988, 0.02886375050069215, 0.03290890626904944, 0.03773332848041606, 0.03287810989464204, 0.02873442233765262, 0.01971710480011566, 0.029558955795730247, 0.027153678904398258, 0.025304420435799984, 0.02091792098520901, 0.023230441187199587, 0.026758183099132388, 0.026650046247681983, 0.036834244579256006, 0.02995878904429366, 0.03939247075702217, 0.029943902572507734, 0.02323367335264235, 0.03657156174348402, 0.037473573307657604, 0.03655040451737337, 0.025299113661573672, 0.020217207741139994, 0.01871734073525257, 0.02778925832835872, 0.048519022666082365, 0.047868415917677896, 0.0555063443719951]}, "12": null},