{"_meta": {"logs_dir": "C:\\Users\\cbcro\\OneDrive - Princeton University\\Thesis\\AI-Bazaar\\AI-Bazaar-lemon\\logs", "good": "food", "created": 1774029743.1843498}, "data": {"revenue_share": {"3": {"ts": [0.0, 1.0, 2.0, 3.0, 4.0, 5.0, 6.0, 7.0, 8.0, 9.0, 10.0, 11.0, 12.0, 13.0, 14.0, 15.0, 16.0, 17.0, 18.0, 19.0, 20.0, 21.0, 22.0, 23.0, 24.0, 25.0, 26.0, 27.0, 28.0, 29.0, 30.0, 31.0, 32.0, 33.0, 34.0, 35.0, 36.0, 37.0, 38.0, 39.0], "mean": [0.0, 0.0, 0.0, 0.0, 0.15151515151515152, 0.07407407407407407, 0.38672438672438675, 0.2804232804232804, 0.1149425287356322, 0.3793038852047506, 0.21595262974573318, 0.14492753623188406, 0.07751937984496124, 0.0, 0.19827586206896552, 0.0, 0.0, 0.18648018648018647, 0.0, 0.0, 0.14492753623188406, 0.10416666666666667, 0.0, 0.0, 0.0, 0.0, 0.10752688172043011, 0.21595262974573318, 0.07407407407407407, 0.10101010101010101, 0.0, 0.0, 0.0, 0.06289308176100629, 0.0, 0.12345679012345678, 0.0, 0.0, 0.10101010101010101, 0.0], "std": [0.0, 0.0, 0.0, 0.0, 0.21427478217774165, 0.10475656017578482, 0.35489622344360455, 0.0037413057205637305, 0.16255328303139024, 0.13959820037684662, 0.15365200278727117, 0.20495848730044855, 0.10962895832349574, 0.0, 0.1454488590211927, 0.0, 0.0, 0.1332278803378574, 0.0, 0.0, 0.10247924365022427, 0.14731391274719738, 0.0, 0.0, 0.0, 0.0, 0.1520659744487199, 0.15365200278727117, 0.10475656017578482, 0.14284985478516113, 0.0, 0.0, 0.0, 0.08894424920585504, 0.0, 0.17459426695964136, 0.0, 0.0, 0.14284985478516113, 0.0]}, "6": {"ts": [0.0, 1.0, 2.0, 3.0, 4.0, 5.0, 6.0, 7.0, 8.0, 9.0, 10.0, 11.0, 12.0, 13.0, 14.0, 15.0, 16.0, 17.0, 18.0, 19.0, 20.0, 21.0, 22.0, 23.0, 24.0, 25.0, 26.0, 27.0, 28.0, 29.0, 30.0, 31.0, 32.0, 33.0, 34.0, 35.0, 36.0, 37.0, 38.0, 39.0], "mean": [0.0, 0.0, 0.0, 0.0, 0.20833333333333334, 0.2556750298685782, 0.26552287581699346, 0.12820512820512822, 0.19047619047619047, 0.0, 0.3605769230769231, 0.13333333333333333, 0.0, 0.27754415475189237, 0.1149425287356322, 0.0, 0.1149425287356322, 0.1388888888888889, 0.09523809523809523, 0.09523809523809523, 0.0, 0.07936507936507936, 0.09523809523809523, 0.17094017094017092, 0.12820512820512822, 0.0925925925925926, 0.12345679012345678, 0.0925925925925926, 0.4200343738387216, 0.15151515151515152, 0.0, 0.15151515151515152, 0.09803921568627451, 0.15151515151515152, 0.23148148148148148, 0.17094017094017092, 0.10416666666666667, 0.17543859649122806, 0.0, 0.2538314176245211], "std": [0.0, 0.0, 0.0, 0.0, 0.29462782549439476, 0.18750997674373668, 0.24352710066648497, 0.18130943107347372, 0.2693740118805895, 0.0, 0.3158718484683818, 0.1885618083164127, 0.0, 0.20474975762837358, 0.16255328303139024, 0.0, 0.16255328303139024, 0.19641855032959654, 0.13468700594029476, 0.13468700594029476, 0.0, 0.1122391716169123, 0.13468700594029476, 0.24174590809796495, 0.18130943107347372, 0.130945700219731, 0.17459426695964136, 0.130945700219731, 0.08244274695291956, 0.21427478217774165, 0.0, 0.21427478217774165, 0.1386483884679505, 0.21427478217774165, 0.1732248790173121, 0.24174590809796495, 0.14731391274719738, 0.24810764252159562, 0.0, 0.1818662600196123]}, "9": {"ts": [0.0, 1.0, 2.0, 3.0, 4.0, 5.0, 6.0, 7.0, 8.0, 9.0, 10.0, 11.0, 12.0, 13.0, 14.0, 15.0, 16.0, 17.0, 18.0, 19.0, 20.0, 21.0, 22.0, 23.0, 24.0, 25.0, 26.0, 27.0, 28.0, 29.0, 30.0, 31.0, 32.0, 33.0, 34.0, 35.0, 36.0, 37.0, 38.0, 39.0], "mean": [0.26843765162542454, 0.3817204301075268, 0.3273809523809524, 0.0, 0.7516339869281046, 0.1851851851851852, 0.2222222222222222, 0.0, 0.38095238095238093, 0.3367003367003367, 0.15873015873015872, 0.0, 0.24691358024691357, 0.5730625583566761, 0.0, 0.0, 0.48821548821548816, 0.4305555555555555, 0.0, 0.15873015873015872, 0.2298850574712644, 0.0, 0.1851851851851852, 0.3102453102453102, 0.0, 0.4003354003354003, 0.0, 0.0, 0.1851851851851852, 0.1388888888888889, 0.0, 0.0, 0.1851851851851852, 0.0, 0.2222222222222222, 0.11904761904761905, 0.0, 0.0, 0.0, 0.1851851851851852], "std": [0.1901584690196553, 0.2763461779762666, 0.2560215853286496, 0.0, 0.17851634357840082, 0.2618914004394621, 0.31426968052735443, 0.0, 0.2803733608358046, 0.241627947717295, 0.2244783432338246, 0.0, 0.34918853391928273, 0.12197522510540523, 0.0, 0.0, 0.3741769490049304, 0.3049235888902798, 0.0, 0.22447834323382457, 0.3251065660627805, 0.0, 0.261891400439462, 0.21955445966382306, 0.0, 0.09239347121468328, 0.0, 0.0, 0.2618914004394621, 0.19641855032959654, 0.0, 0.0, 0.261891400439462, 0.0, 0.31426968052735443, 0.16835875742536846, 0.0, 0.0, 0.0, 0.261891400439462]}, "12": {"ts": [0.0, 1.0, 2.0, 3.0, 4.0, 5.0, 6.0, 7.0, 8.0, 9.0, 10.0, 11.0, 12.0, 13.0, 14.0, 15.0, 16.0, 17.0, 18.0, 19.0, 20.0, 21.0, 22.0, 23.0, 24.0, 25.0, 26.0, 27.0, 28.0, 29.0, 30.0, 31.0, 32.0, 33.0, 34.0, 35.0, 36.0, 37.0, 38.0, 39.0], "mean": [0.3333333333333333, 0.3333333333333333, 0.0, 0.3333333333333333, 0.0, 0.0, 0.0, 0.0, 0.0, 0.0, 0.0, 0.0, 0.0, 0.0, 0.0, 0.0, 0.0, 0.0, 0.3333333333333333, 0.0, 0.3333333333333333, 0.3333333333333333, 0.0, 0.0, 0.0, 0.0, 0.0, 0.0, 0.0, 0.0, 0.0, 0.0, 0.0, 0.0, 0.0, 0.0, 0.0, 0.0, 0.0, 0.3333333333333333], "std": [0.4714045207910317, 0.4714045207910317, 0.0, 0.4714045207910317, 0.0, 0.0, 0.0, 0.0, 0.0, 0.0, 0.0, 0.0, 0.0, 0.0, 0.0, 0.0, 0.0, 0.0, 0.4714045207910317, 0.0, 0.4714045207910317, 0.4714045207910317, 0.0, 0.0, 0.0, 0.0, 0.0, 0.0, 0.0, 0.0, 0.0, 0.0, 0.0, 0.0, 0.0, 0.0, 0.0, 0.0, 0.0, 0.4714045207910317]}}}}