{"_meta": {"logs_dir": "C:\\Users\\cbcro\\OneDrive - Princeton University\\Thesis\\AI-Bazaar\\AI-Bazaar-lemon\\logs", "good": "food", "created": 1774029765.275159}, "data": {"volume": {"0": {"ts": [0.0, 1.0, 2.0, 3.0, 4.0, 5.0, 6.0, 7.0, 8.0, 9.0, 10.0, 11.0, 12.0, 13.0, 14.0, 15.0, 16.0, 17.0, 18.0, 19.0, 20.0, 21.0, 22.0, 23.0, 24.0, 25.0, 26.0, 27.0, 28.0, 29.0, 30.0, 31.0, 32.0, 33.0, 34.0, 35.0, 36.0, 37.0, 38.0, 39.0], "mean": [3.6666666666666665, 5.0, 6.666666666666667, 5.0, 4.333333333333333, 6.333333333333333, 6.333333333333333, 6.0, 6.333333333333333, 5.0, 5.0, 5.333333333333333, 5.333333333333333, 6.0, 5.666666666666667, 5.333333333333333, 5.333333333333333, 5.0, 5.0, 6.333333333333333, 6.0, 5.0, 4.0, 7.0, 6.0, 6.666666666666667, 5.333333333333333, 7.0, 5.666666666666667, 5.666666666666667, 6.666666666666667, 6.333333333333333, 6.333333333333333, 6.0, 5.666666666666667, 6.666666666666667, 5.666666666666667, 6.666666666666667, 5.666666666666667, 5.666666666666667], "std": [1.247219128924647, 0.816496580927726, 0.4714045207910317, 0.816496580927726, 1.247219128924647, 1.8856180831641267, 1.247219128924647, 0.816496580927726, 1.247219128924647, 0.816496580927726, 0.816496580927726, 1.247219128924647, 0.4714045207910317, 0.816496580927726, 1.247219128924647, 0.4714045207910317, 0.4714045207910317, 0.816496580927726, 1.632993161855452, 1.8856180831641267, 0.816496580927726, 0.0, 0.0, 0.816496580927726, 0.816496580927726, 0.4714045207910317, 0.4714045207910317, 0.816496580927726, 1.247219128924647, 0.9428090415820634, 0.4714045207910317, 0.4714045207910317, 0.4714045207910317, 0.0, 1.247219128924647, 0.9428090415820634, 1.247219128924647, 1.247219128924647, 0.9428090415820634, 0.4714045207910317]}, "3": {"ts": [0.0, 1.0, 2.0, 3.0, 4.0, 5.0, 6.0, 7.0, 8.0, 9.0, 10.0, 11.0, 12.0, 13.0, 14.0, 15.0, 16.0, 17.0, 18.0, 19.0, 20.0, 21.0, 22.0, 23.0, 24.0, 25.0, 26.0, 27.0, 28.0, 29.0, 30.0, 31.0, 32.0, 33.0, 34.0, 35.0, 36.0, 37.0, 38.0, 39.0], "mean": [4.333333333333333, 4.0, 5.0, 4.666666666666667, 4.0, 4.666666666666667, 5.666666666666667, 5.666666666666667, 5.0, 6.666666666666667, 5.666666666666667, 3.6666666666666665, 5.333333333333333, 5.333333333333333, 5.666666666666667, 5.333333333333333, 5.333333333333333, 5.333333333333333, 4.333333333333333, 4.333333333333333, 6.666666666666667, 4.666666666666667, 5.666666666666667, 7.333333333333333, 5.0, 4.333333333333333, 6.0, 6.333333333333333, 5.666666666666667, 5.333333333333333, 6.333333333333333, 5.333333333333333, 5.333333333333333, 6.666666666666667, 5.666666666666667, 6.333333333333333, 5.0, 5.0, 5.333333333333333, 5.0], "std": [0.9428090415820634, 0.816496580927726, 0.0, 1.247219128924647, 0.0, 1.247219128924647, 0.4714045207910317, 0.4714045207910317, 0.0, 1.247219128924647, 0.4714045207910317, 0.9428090415820634, 1.247219128924647, 1.247219128924647, 0.9428090415820634, 0.9428090415820634, 0.9428090415820634, 0.9428090415820634, 0.4714045207910317, 0.4714045207910317, 0.4714045207910317, 0.4714045207910317, 0.9428090415820634, 0.9428090415820634, 0.816496580927726, 0.4714045207910317, 2.160246899469287, 0.4714045207910317, 0.4714045207910317, 0.9428090415820634, 0.4714045207910317, 1.247219128924647, 0.4714045207910317, 1.247219128924647, 1.247219128924647, 1.247219128924647, 0.0, 0.816496580927726, 0.9428090415820634, 0.816496580927726]}, "6": {"ts": [0.0, 1.0, 2.0, 3.0, 4.0, 5.0, 6.0, 7.0, 8.0, 9.0, 10.0, 11.0, 12.0, 13.0, 14.0, 15.0, 16.0, 17.0, 18.0, 19.0, 20.0, 21.0, 22.0, 23.0, 24.0, 25.0, 26.0, 27.0, 28.0, 29.0, 30.0, 31.0, 32.0, 33.0, 34.0, 35.0, 36.0, 37.0, 38.0, 39.0], "mean": [4.666666666666667, 3.3333333333333335, 3.6666666666666665, 4.0, 3.6666666666666665, 5.0, 5.333333333333333, 5.0, 4.666666666666667, 5.0, 4.666666666666667, 4.666666666666667, 4.333333333333333, 4.666666666666667, 5.0, 4.0, 5.0, 4.0, 4.333333333333333, 4.0, 4.666666666666667, 4.666666666666667, 4.333333333333333, 5.0, 4.0, 5.0, 4.333333333333333, 4.666666666666667, 5.333333333333333, 3.6666666666666665, 4.0, 4.666666666666667, 5.333333333333333, 5.0, 5.666666666666667, 5.333333333333333, 5.0, 4.0, 4.333333333333333, 5.0], "std": [0.4714045207910317, 0.4714045207910317, 0.4714045207910317, 0.0, 0.9428090415820634, 0.816496580927726, 0.4714045207910317, 0.816496580927726, 0.4714045207910317, 0.816496580927726, 0.4714045207910317, 2.494438257849294, 0.4714045207910317, 0.4714045207910317, 0.816496580927726, 0.0, 0.0, 0.816496580927726, 0.4714045207910317, 0.816496580927726, 0.4714045207910317, 0.9428090415820634, 0.4714045207910317, 0.816496580927726, 0.816496580927726, 0.816496580927726, 1.247219128924647, 0.9428090415820634, 0.4714045207910317, 0.4714045207910317, 0.0, 0.4714045207910317, 1.247219128924647, 0.816496580927726, 0.4714045207910317, 0.9428090415820634, 0.0, 0.0, 1.247219128924647, 0.816496580927726]}, "9": {"ts": [0.0, 1.0, 2.0, 3.0, 4.0, 5.0, 6.0, 7.0, 8.0, 9.0, 10.0, 11.0, 12.0, 13.0, 14.0, 15.0, 16.0, 17.0, 18.0, 19.0, 20.0, 21.0, 22.0, 23.0, 24.0, 25.0, 26.0, 27.0, 28.0, 29.0, 30.0, 31.0, 32.0, 33.0, 34.0, 35.0, 36.0, 37.0, 38.0, 39.0], "mean": [2.6666666666666665, 2.6666666666666665, 3.3333333333333335, 2.3333333333333335, 2.3333333333333335, 2.6666666666666665, 2.6666666666666665, 2.6666666666666665, 3.0, 3.3333333333333335, 2.6666666666666665, 2.0, 2.6666666666666665, 2.3333333333333335, 2.6666666666666665, 2.6666666666666665, 2.0, 3.3333333333333335, 2.6666666666666665, 2.6666666666666665, 3.3333333333333335, 2.6666666666666665, 3.0, 3.3333333333333335, 1.6666666666666667, 3.6666666666666665, 2.6666666666666665, 2.6666666666666665, 2.6666666666666665, 2.3333333333333335, 1.6666666666666667, 2.3333333333333335, 2.6666666666666665, 2.6666666666666665, 3.0, 3.0, 2.3333333333333335, 2.6666666666666665, 2.6666666666666665, 2.3333333333333335], "std": [0.4714045207910317, 0.9428090415820634, 0.9428090415820634, 0.4714045207910317, 0.4714045207910317, 0.4714045207910317, 0.4714045207910317, 0.4714045207910317, 0.0, 0.4714045207910317, 0.4714045207910317, 0.0, 0.4714045207910317, 0.4714045207910317, 0.4714045207910317, 0.4714045207910317, 0.816496580927726, 0.4714045207910317, 0.4714045207910317, 0.4714045207910317, 1.247219128924647, 0.4714045207910317, 0.0, 0.4714045207910317, 0.9428090415820634, 0.4714045207910317, 0.4714045207910317, 0.4714045207910317, 0.4714045207910317, 0.4714045207910317, 0.9428090415820634, 0.4714045207910317, 0.4714045207910317, 0.4714045207910317, 0.0, 0.816496580927726, 0.4714045207910317, 0.4714045207910317, 0.4714045207910317, 0.4714045207910317]}, "12": {"ts": [0.0, 1.0, 2.0, 3.0, 4.0, 5.0, 6.0, 7.0, 8.0, 9.0, 10.0, 11.0, 12.0, 13.0, 14.0, 15.0, 16.0, 17.0, 18.0, 19.0, 20.0, 21.0, 22.0, 23.0, 24.0, 25.0, 26.0, 27.0, 28.0, 29.0, 30.0, 31.0, 32.0, 33.0, 34.0, 35.0, 36.0, 37.0, 38.0, 39.0], "mean": [0.3333333333333333, 0.3333333333333333, 0.0, 0.3333333333333333, 0.0, 0.0, 0.0, 0.0, 0.0, 0.0, 0.0, 0.0, 0.0, 0.0, 0.0, 0.0, 0.0, 0.0, 0.3333333333333333, 0.0, 0.3333333333333333, 0.3333333333333333, 0.0, 0.0, 0.0, 0.0, 0.0, 0.0, 0.0, 0.0, 0.0, 0.0, 0.0, 0.0, 0.0, 0.0, 0.0, 0.0, 0.0, 0.3333333333333333], "std": [0.4714045207910317, 0.4714045207910317, 0.0, 0.4714045207910317, 0.0, 0.0, 0.0, 0.0, 0.0, 0.0, 0.0, 0.0, 0.0, 0.0, 0.0, 0.0, 0.0, 0.0, 0.4714045207910317, 0.0, 0.4714045207910317, 0.4714045207910317, 0.0, 0.0, 0.0, 0.0, 0.0, 0.0, 0.0, 0.0, 0.0, 0.0, 0.0, 0.0, 0.0, 0.0, 0.0, 0.0, 0.0, 0.4714045207910317]}}, "activity_baseline": {"Listings": {"ts": [0.0, 1.0, 2.0, 3.0, 4.0, 5.0, 6.0, 7.0, 8.0, 9.0, 10.0, 11.0, 12.0, 13.0, 14.0, 15.0, 16.0, 17.0, 18.0, 19.0, 20.0, 21.0, 22.0, 23.0, 24.0, 25.0, 26.0, 27.0, 28.0, 29.0, 30.0, 31.0, 32.0, 33.0, 34.0, 35.0, 36.0, 37.0, 38.0, 39.0], "mean": [12.0, 12.0, 12.0, 12.0, 12.0, 12.0, 12.0, 12.0, 12.0, 12.0, 12.0, 12.0, 12.0, 12.0, 12.0, 12.0, 12.0, 12.0, 12.0, 12.0, 12.0, 12.0, 12.0, 12.0, 12.0, 12.0, 12.0, 12.0, 12.0, 12.0, 12.0, 12.0, 12.0, 12.0, 12.0, 12.0, 12.0, 12.0, 12.0, 12.0]},