{"_meta": {"logs_dir": "C:\\Users\\cbcro\\OneDrive - Princeton University\\Thesis\\AI-Bazaar\\AI-Bazaar\\logs\\exp2_openai-gpt-5.4", "good": "car", "created": 1774933618.3477626}, "data": {"agg": {"0,1": null, "9,0": {"ts": [0.0, 1.0, 2.0, 3.0, 4.0, 5.0, 6.0, 7.0, 8.0, 9.0, 10.0, 11.0, 12.0, 13.0, 14.0, 15.0, 16.0, 17.0, 18.0, 19.0, 20.0, 21.0, 22.0, 23.0, 24.0, 25.0, 26.0, 27.0, 28.0, 29.0, 30.0, 31.0, 32.0, 33.0, 34.0, 35.0, 36.0, 37.0, 38.0, 39.0, 40.0, 41.0, 42.0, 43.0, 44.0, 45.0, 46.0, 47.0, 48.0, 49.0], "mean": [0.3021885521885522, 0.27020202020202017, 0.22628667628667629, 0.275784632034632, 0.2751926314426314, 0.26135515718849056, 0.24805690644828937, 0.24196296097740885, 0.25724154397021426, 0.2621499559781406, 0.28620826128634724, 0.28320724651194834, 0.2831396257096881, 0.30550801560863344, 0.29831721497663416, 0.2923599092120258, 0.28494978359576634, 0.29251663233602326, 0.2838333500775568, 0.2869234756107094, 0.2839269965797169, 0.2741096612643483, 0.2726235090808238, 0.27830599177789617, 0.27758598250659444, 0.27551033528915964, 0.2814600286351108, 0.2857559169344384, 0.28373881332707845, 0.2826490511534127, 0.2818910182402969, 0.2799660309066561, 0.28206230298458196, 0.28105485696544114, 0.2804964199676797, 0.28037619449574896, 0.28061877634693777, 0.2784921457275213, 0.28619372591526737, 0.2857298586675718, 0.2864546448623613, 0.2890177099289744, 0.29033294931629255, 0.28766623629017757, 0.28910644033199456, 0.29219636084051903, 0.29085050237614085, 0.2925905296581393, 0.28842575102308676, 0.29106460340712065], "std": [0.1792049783490896, 0.07781145418558849, 0.06954184757727623, 0.009512211433203709, 0.06676032696297936, 0.056352977140975265, 0.06355213036265349, 0.044755171456260304, 0.028883787548270767, 0.047518120284406426, 0.03536114116238175, 0.027009040873822138, 0.026408001509402257, 0.023734728267817744, 0.012166142141764688, 0.012397519441055995, 0.008410303416072476, 0.007008752214550033, 0.01655924549071637, 0.019532938764659932, 0.03069099365136405, 0.029547788077886585, 0.024800038149789552, 0.030122125419124214, 0.032868414637999326, 0.03940456108829964, 0.033348869002572855, 0.04205131768584853, 0.04154439429590675, 0.03821194411352873, 0.02740126691071114, 0.020912709181175323, 0.01990000738980645, 0.01633989495267703, 0.021637687682823044, 0.01772045211277454, 0.01917910655098192, 0.021782745215548564, 0.026222052487153837, 0.032576979954702115, 0.033570209044898894, 0.03570578797100204, 0.034476943815104036, 0.027627798877731702, 0.026609769628969795, 0.027024164277443204, 0.026187015145745625, 0.031034399482111598, 0.028248474406198997, 0.02665316308843722]}, "0,0": null, "3,1": {"ts": [0.0, 1.0, 2.0, 3.0, 4.0, 5.0, 6.0, 7.0, 8.0, 9.0, 10.0, 11.0, 12.0, 13.0, 14.0, 15.0, 16.0, 17.0, 18.0, 19.0, 20.0, 21.0, 22.0, 23.0, 24.0, 25.0, 26.0, 27.0, 28.0, 29.0, 30.0, 31.0, 32.0, 33.0, 34.0, 35.0, 36.0, 37.0, 38.0, 39.0, 40.0, 41.0, 42.0, 43.0, 44.0, 45.0, 46.0, 47.0, 48.0, 49.0], "mean": [0.24537037037037038, 0.2855218855218855, 0.29662698412698413, 0.2893628747795414, 0.2923573340240007, 0.28905707582178175, 0.2942812958550833, 0.29938932398297724, 0.29871489057449485, 0.30666392562873696, 0.30707206990069946, 0.29839742366270766, 0.30304366363180196, 0.2976570497368524, 0.29455281808618305, 0.28981888336857087, 0.2878286070867372, 0.29405721229191706, 0.2934103757912742, 0.2917846691944361, 0.2943418631382118, 0.29543880772471126, 0.298103168908632, 0.2971180279728661, 0.2964280525162059, 0.298961548112638, 0.30056124804600226, 0.3013059430892154, 0.3017936513024999, 0.306675533843158, 0.30731415210635976, 0.30827605771088024, 0.3099672722843075, 0.3093313985744018, 0.3101540132678382, 0.3124820222199482, 0.314058336838271, 0.31583140820678035, 0.3142927160599214, 0.31507790077156034, 0.31534417703582124, 0.3158064932616141, 0.316284771282721, 0.31820995607762903, 0.3170926188297341, 0.3179520857540572, 0.31881584153654313, 0.31840702589491837, 0.31770845020207344, 0.31939460399566627], "std": [0.11415581486979585, 0.021727283423623525, 0.06572378830854375, 0.042770057934166536, 0.023502647945450827, 0.013933694821890451, 0.018886316046936157, 0.017137229014503468, 0.00515813401284539, 0.004213642073497923, 0.007367442267797098, 0.014385273539494625, 0.014188784966869473, 0.010730793661431507, 0.004957568256327696, 0.011937586335635571, 0.012458233511674143, 0.016058011403287973, 0.013718620123845563, 0.014853061066971292, 0.014852277343952728, 0.012591223414463368, 0.01281064344087014, 0.011164268057054477, 0.010925502508780485, 0.009308453110944274, 0.007317509462930043, 0.009112582974008566, 0.007290710756058332, 0.007613056551808799, 0.007575619244484181, 0.005802730377901619, 0.005952576264302259, 0.006578982815133167, 0.005414923566053494, 0.004719970773115152, 0.005785615896559991, 0.0059880177077448965, 0.008297819024676266, 0.007287738039744705, 0.006953903793482277, 0.0052689221039933865, 0.0048664675479019, 0.004877003527171018, 0.006865436095221086, 0.006048425721823806, 0.0058143535313416456, 0.006365467599104927, 0.006938628943264013, 0.006272038625694185]}, "6,1": {"ts": [0.0, 1.0, 2.0, 3.0, 4.0, 5.0, 6.0, 7.0, 8.0, 9.0, 10.0, 11.0, 12.0, 13.0, 14.0, 15.0, 16.0, 17.0, 18.0, 19.0, 20.0, 21.0, 22.0, 23.0, 24.0, 25.0, 26.0, 27.0, 28.0, 29.0, 30.0, 31.0, 32.0, 33.0, 34.0, 35.0, 36.0, 37.0, 38.0, 39.0, 40.0, 41.0, 42.0, 43.0, 44.0, 45.0, 46.0, 47.0, 48.0, 49.0], "mean": [0.04671717171717171, 0.1546296296296296, 0.22562830687830684, 0.2670614878948212, 0.27521845438512105, 0.27518638768638765, 0.2873339623339623, 0.27782661011827675, 0.29376147862667473, 0.30813386091701367, 0.3225292069042069, 0.3124455660073397, 0.3282034536585677, 0.3348785712509894, 0.3279196886512014, 0.32930421568407414, 0.342008636640781, 0.34935660828148146, 0.3563191667427867, 0.36423398775106136, 0.36579625843148383, 0.3655756350493813, 0.36899630481862605, 0.36681659134516087, 0.3676339616617607, 0.36852805297605856, 0.37231102280046685, 0.3724538765747778, 0.3770818105606524, 0.3830335908089899, 0.3866813088735957, 0.38736688725295715, 0.38840883212360194, 0.39001436946703044, 0.39152690876278456, 0.39225752252538276, 0.39141094745930866, 0.3947815251158897, 0.3976281963840121, 0.3971761851359825, 0.3980020092402339, 0.3962725347707446, 0.39594244516799826, 0.39434472015746636, 0.39498366894878756, 0.39405388366347444, 0.39593738984112586, 0.3958641740412377, 0.395609532558141, 0.39608467758490384], "std": [0.3697706155602731, 0.22413050253669742, 0.1285908788252339, 0.08646271947158428, 0.028673932229789992, 0.019072145940330364, 0.029798701877900645, 0.014407785402632276, 0.015794586693470242, 0.01576358213453005, 0.02415606746533506, 0.03050590996692681, 0.03754635272544966, 0.038864226134128474, 0.04288423035903651, 0.033318592723188115, 0.02817905385373633, 0.019998157645457152, 0.020005622171871552, 0.016299176775703573, 0.015105277096311542, 0.015580570905080844, 0.010456154414534173, 0.010300130819513703, 0.006203437599625636, 0.008911070814568692, 0.009518601434922159, 0.009982113624651607, 0.010609456718109962, 0.00873303304689519, 0.011279533689062544, 0.006834012517918189, 0.0038853460962500735, 0.00373124367358783, 0.004736942572146178, 0.005402659133377164, 0.006307248491298865, 0.004160649549108556, 0.005523646370584948, 0.005392827834510085, 0.004168347093495773, 0.004766246373792856, 0.007353359712782727, 0.010241222326720503, 0.010410549883881385, 0.011928820692631879, 0.011231600369291701, 0.010980118090875063, 0.01104544365003773, 0.0077729011848503594]}, "3,0": {"ts": [0.0, 1.0, 2.0, 3.0, 4.0, 5.0, 6.0, 7.0, 8.0, 9.0, 10.0, 11.0, 12.0, 13.0, 14.0, 15.0, 16.0, 17.0, 18.0, 19.0, 20.0, 21.0, 22.0, 23.0, 24.0, 25.0, 26.0, 27.0, 28.0, 29.0, 30.0, 31.0, 32.0, 33.0, 34.0, 35.0, 36.0, 37.0, 38.0, 39.0, 40.0, 41.0, 42.0, 43.0, 44.0, 45.0, 46.0, 47.0, 48.0, 49.0],