{"_meta": {"logs_dir": "C:\\Users\\cbcro\\OneDrive - Princeton University\\Thesis\\AI-Bazaar\\AI-Bazaar\\logs\\exp2_openai-gpt-5.4", "good": "car", "created": 1774933618.3908484}, "data": {"agg": {"0,1": {"ts": [0.0, 1.0, 2.0, 3.0, 4.0, 5.0, 6.0, 7.0, 8.0, 9.0, 10.0, 11.0, 12.0, 13.0, 14.0, 15.0, 16.0, 17.0, 18.0, 19.0, 20.0, 21.0, 22.0, 23.0, 24.0, 25.0, 26.0, 27.0, 28.0, 29.0, 30.0, 31.0, 32.0, 33.0, 34.0, 35.0, 36.0, 37.0, 38.0, 39.0, 40.0, 41.0, 42.0, 43.0, 44.0, 45.0, 46.0, 47.0, 48.0, 49.0], "mean": [533.3333333333334, 141.66666666666666, 661.1111111111111, 851.5873015873016, 840.0, 555.5555555555555, -13.888888888888914, 222.2222222222222, 219.04761904761904, 155.55555555555557, 708.3333333333334, 145.83333333333334, 713.6904761904761, 683.3333333333334, 680.5555555555555, 487.3015873015873, 1404.7619047619046, 138.88888888888889, 477.7777777777778, 1575.3968253968253, 265.8730158730159, 1737.3015873015872, 1083.3333333333333, 1606.9444444444446, 1222.2222222222224, 798.611111111111, 1238.0952380952378, 1986.1111111111113, 905.5555555555557, 1922.222222222222, 1025.0, 1071.4285714285713, 1714.2857142857144, 960.3174603174602, 541.6666666666666, -83.33333333333333, 448.4126984126984, 758.3333333333331, 733.3333333333334, 983.3333333333334, 919.0476190476189, 1191.6666666666667, 1068.0555555555554, 1830.0, 1438.0952380952378, 1829.3650793650793, 1435.5555555555557, 1380.357142857143, 1225.0, 1392.857142857143], "std": [205.48046676563254, 420.4825270514288, 426.51328261487186, 319.357426775682, 595.9865770300536, 274.98597046143516, 515.245955890707, 374.74271008977894, 156.63699241331932, 769.9607172920184, 604.5257553561212, 638.0580346297314, 345.5755739693751, 416.99986677322676, 491.04637582399135, 558.062371497335, 522.7261523833367, 274.98597046143516, 161.20686809496567, 377.255541393655, 562.1210685804265, 475.51671912117797, 513.7011669140813, 855.9184836287179, 288.46122190549266, 329.9890102921312, 859.7842897746565, 623.9188179226724, 817.2144799089401, 896.2197702255903, 90.67959591686683, 621.1806961698253, 1293.7725135063195, 220.87174682659912, 825.6591082056582, 460.2233757161359, 36.80007339482422, 476.4354528587695, 169.96731711975949, 632.8945848682508, 573.2213939133023, 255.22321385189255, 506.443816732096, 473.3881032475323, 709.1561847231297, 617.2389124411181, 308.1766368597283, 793.7186974919383, 719.0206817197547, 975.4643059819759]}, "9,0": {"ts": [0.0, 1.0, 2.0, 3.0, 4.0, 5.0, 6.0, 7.0, 8.0, 9.0, 10.0, 11.0, 12.0, 13.0, 14.0, 15.0, 16.0, 17.0, 18.0, 19.0, 20.0, 21.0, 22.0, 23.0, 24.0, 25.0, 26.0, 27.0, 28.0, 29.0, 30.0, 31.0, 32.0, 33.0, 34.0, 35.0, 36.0, 37.0, 38.0, 39.0, 40.0, 41.0, 42.0, 43.0, 44.0, 45.0, 46.0, 47.0, 48.0, 49.0], "mean": [-20861.666666666668, -27277.777777777777, -26077.77777777778, -11194.444444444445, -17019.444444444445, -15488.88888888889, -21527.777777777777, -10541.666666666666, -8277.77777777778, -5188.88888888889, -5041.666666666667, -10000.0, 1800.0, -6322.222222222223, -14180.555555555555, -15694.444444444445, -8150.0, -8479.166666666666, -26661.11111111111, -15187.22222222222, -16333.333333333334, -16333.333333333334, -9569.444444444445, -11333.333333333334, -7000.0, -15669.444444444443, -9083.333333333334, -18416.666666666668, -1750.0, -11250.0, -5206.111111111111, 833.3333333333334, -5166.666666666667, -13747.22222222222, -7013.888888888888, -10833.333333333334, -11800.0, -16541.666666666668, -4555.555555555556, -13400.0, -10750.0, -4333.333333333333, -6250.0, -9166.666666666666, -5020.833333333333, -8513.888888888889, -10644.444444444443, -5116.666666666667, -6944.444444444445, -10444.444444444445], "std": [2205.660646810585, 698.3225049986969, 5011.566867670809, 8195.056474319377, 7837.10409636646, 2369.6121472500636, 3046.1977919456117, 7040.3105202982515, 6999.118110232722, 8128.429001024206, 5366.110219599379, 8256.310717667224, 1202.7745701779145, 8473.93971662459, 3932.0521296922407, 3502.8647887686247, 13117.227857541648, 1399.7147526867354, 11907.127754333733, 1523.8270129618058, 17157.764682174915, 12195.172086617811, 8334.328644265073, 8168.367169895231, 10285.507603743565, 8335.561739089504, 6305.127249281305, 8005.423508819227, 5556.527692723217, 6985.103196565292, 5049.088721104062, 513.7011669140815, 8495.09662491644, 9610.325112369097, 10953.940465804762, 7048.771891981269, 4749.912279891773, 19225.72423140991, 6448.274723798625, 11745.069887687627, 8753.570700005797, 6835.36555146996, 5667.075148675967, 14037.647792830378, 7100.530594414915, 5270.060146774161, 8219.560379941628, 7520.675206093902, 5735.421669624219, 8777.689872977562]}, "0,0": {"ts": [0.0, 1.0, 2.0, 3.0, 4.0, 5.0, 6.0, 7.0, 8.0, 9.0, 10.0, 11.0, 12.0, 13.0, 14.0, 15.0, 16.0, 17.0, 18.0, 19.0, 20.0, 21.0, 22.0, 23.0, 24.0, 25.0, 26.0, 27.0, 28.0, 29.0, 30.0, 31.0, 32.0, 33.0, 34.0, 35.0, 36.0, 37.0, 38.0, 39.0, 40.0, 41.0, 42.0, 43.0, 44.0, 45.0, 46.0, 47.0, 48.0, 49.0], "mean": [833.3333333333334, 1305.5555555555554, 863.3333333333334, 1016.5079365079364, 565.4761904761905, 736.111111111111, 816.6666666666666, 333.3333333333333, 797.2222222222222, 1044.4444444444443, -194.44444444444446, 900.0, 798.6111111111112, 458.3333333333333, 1111.111111111111, 1255.5555555555557, 1000.0, -25.0, 677.7777777777778, 666.6666666666666, 305.0, 363.3333333333333, 1433.3333333333333, 969.4444444444445, 457.1428571428571, 666.6666666666666, 863.4920634920635, 476.19047619047615, -16.666666666666668, 366.6666666666667, 527.7777777777777, 404.76190476190476, 494.4444444444445, -158.33333333333334, 642.8571428571428, 1200.0, 166.66666666666666, 730.5555555555557, 377.7777777777778, 763.8888888888888, 546.6666666666666, 1036.6666666666667, 480.0, 1236.5079365079366, 594.4444444444445, 786.1111111111112, 888.888888888889, 680.952380952381, 138.88888888888889, 1033.3333333333333], "std": [235.70226039551585, 463.14811112591855, 204.7898652006219, 250.91377472789043, 935.22494171722, 612.6873611142438, 197.67163194063554, 980.716857994985, 770.1110229404076, 185.75837219222765, 374.74271008977894, 954.8123724935002, 544.4196422922122, 328.0836614171588, 415.73970964154904, 252.8845928164676, 568.257570707744, 702.0802423275182, 109.99438818457408, 1230.4019216861168, 225.94247055390008, 444.9968788904279, 821.9218670625303, 477.7616276340181, 525.4088139427312, 449.6912521077347, 399.36331288881786, 341.7309546287458, 631.2465621468541, 758.6537784494028, 335.6401659331825, 463.21610615104095, 197.3591074259068, 65.61673228343176, 254.21614885788836, 424.26406871192853, 235.70226039551585, 472.2058820702347, 710.0578136781766, 167.8200829665913, 962.5169551176172, 838.2654048026131, 395.2425415699411, 193.05137518108916, 448.52295315420906, 450.1200114317936, 453.04184528611364, 490.63797609109554, 453.04184528611364, 209.4967514996089]}, "3,1": {"ts": [0.0, 1.0, 2.0, 3.0, 4.0, 5.0, 6.0, 7.0, 8.0, 9.0, 10.0, 11.0, 12.0, 13.0, 14.0, 15.0, 16.0, 17.0, 18.0, 19.0, 20.0, 21.0, 22.0, 23.0, 24.0, 25.0, 26.0, 27.0, 28.0, 29.0, 30.0, 31.0, 32.0, 33.0, 34.0, 35.0, 36.0, 37.0, 38.0, 39.0, 40.0, 41.0, 42.0, 43.0, 44.0, 45.0, 46.0, 47.0, 48.0, 49.0],