{"_meta": {"logs_dir": "C:\\Users\\cbcro\\OneDrive - Princeton University\\Thesis\\AI-Bazaar\\AI-Bazaar\\logs\\exp2_openai-gpt-5.4", "good": "car", "created": 1774933618.3482852}, "data": {"cell_vals": {"0,1": [601.6547619047619, 625.7047619047619, 777.7238095238095], "0,0": [950.3000000000002, 902.7095238095237, 895.6571428571427], "1,1": [-3259.8119047619048, -2391.1095238095236, -3237.271428571429], "1,0": [-772.090476190476, -444.31666666666666, -927.7809523809524], "2,0": [-3300.5047619047614, -2467.888095238095, -3188.016666666667], "2,1": [-6536.126190476191, -6715.747619047619, -6189.352380952381], "3,0": [-6744.000000000001, -7335.483333333333, -8570.166666666666], "3,1": [-10286.316666666666, -12122.900000000001, -10754.416666666668]}, "health_cells": {"0,1": {"health_mean": 0.978433827304035, "health_se": 0.004216284029648791, "welfare_mean": 668.3611111111111, "welfare_se": 55.120324376404376, "n": 3, "w_min": -12122.900000000001, "w_range": 13073.2}, "0,0": {"health_mean": 0.9973933101476473, "health_se": 0.001312615259313793, "welfare_mean": 916.2222222222222, "welfare_se": 17.160081808061506, "n": 3, "w_min": -12122.900000000001, "w_range": 13073.2}, "1,1": {"health_mean": 0.70068300397906, "health_se": 0.021868002759936386, "welfare_mean": -2962.7309523809527, "welfare_se": 285.88477368120084, "n": 3, "w_min": -12122.900000000001, "w_range": 13073.2}, "1,0": {"health_mean": 0.8726379643025912, "health_se": 0.010898677099013833, "welfare_mean": -714.729365079365, "welfare_se": 142.48058545082793, "n": 3, "w_min": -12122.900000000001, "w_range": 13073.2}, "2,0": {"health_mean": 0.6989436525663311, "health_se": 0.01995075473174637, "welfare_mean": -2985.4698412698413, "welfare_se": 260.82020675906665, "n": 3, "w_min": -12122.900000000001, "w_range": 13073.2}, "2,1": {"health_mean": 0.4316075077135874, "health_se": 0.011817291844434535, "welfare_mean": -6480.408730158731, "welfare_se": 154.48981974066163, "n": 3, "w_min": -12122.900000000001, "w_range": 13073.2}, "3,0": {"health_mean": 0.3498008648736857, "health_se": 0.041149686525841424, "welfare_mean": -7549.883333333334, "welfare_se": 537.9580818896302, "n": 3, "w_min": -12122.900000000001, "w_range": 13073.2}, "3,1": {"health_mean": 0.08172104423978493, "health_se": 0.042147619874557236, "welfare_mean": -11054.544444444444, "welfare_se": 551.0042641440617, "n": 3, "w_min": -12122.900000000001, "w_range": 13073.2}}}}