{"_meta": {"logs_dir": "C:\\Users\\cbcro\\OneDrive - Princeton University\\Thesis\\AI-Bazaar\\AI-Bazaar\\logs\\exp2_openai-gpt-5.4", "good": "car", "created": 1774933631.2177682}, "data": {"honest": {"0,1": {"ts": [0.0, 1.0, 2.0, 3.0, 4.0, 5.0, 6.0, 7.0, 8.0, 9.0, 10.0, 11.0, 12.0, 13.0, 14.0, 15.0, 16.0, 17.0, 18.0, 19.0, 20.0, 21.0, 22.0, 23.0, 24.0, 25.0, 26.0, 27.0, 28.0, 29.0, 30.0, 31.0, 32.0, 33.0, 34.0, 35.0, 36.0, 37.0, 38.0, 39.0, 40.0, 41.0, 42.0, 43.0, 44.0, 45.0, 46.0, 47.0, 48.0, 49.0], "mean": [0.8055555555555557, 0.813888888888889, 0.8194444444444445, 0.8305555555555557, 0.8472222222222223, 0.8527777777777779, 0.8638888888888889, 0.8777777777777779, 0.8805555555555555, 0.888888888888889, 0.8972222222222221, 0.9083333333333332, 0.9111111111111111, 0.9249999999999999, 0.9277777777777777, 0.938888888888889, 0.9527777777777778, 0.963888888888889, 0.9694444444444446, 0.9750000000000001, 0.9805555555555556, 0.9805555555555556, 0.9805555555555556, 0.9833333333333334, 0.9861111111111112, 0.9861111111111112, 0.9944444444444445, 0.9944444444444445, 0.9944444444444445, 0.9972222222222222, 0.9972222222222222, 0.9972222222222222, 0.9972222222222222, 0.9972222222222222, 0.9972222222222222, 0.9972222222222222, 0.9972222222222222, 0.9972222222222222, 1.0, 1.0, 1.0, 1.0, 1.0, 1.0, 1.0, 1.0, 1.0, 1.0, 1.0, 1.0], "std": [0.003928371006591917, 0.01039349274103869, 0.01416394309331324, 0.01712337223046936, 0.01571348402636772, 0.019641855032959635, 0.021872244094477227, 0.019641855032959635, 0.021872244094477227, 0.017123372230469367, 0.010393492741038738, 0.018002057495577376, 0.019641855032959635, 0.024532669073132896, 0.0274985970461435, 0.028327886186626582, 0.027498597046143554, 0.01712337223046936, 0.017123372230469367, 0.011785113019775804, 0.014163943093313291, 0.014163943093313291, 0.014163943093313291, 0.011785113019775804, 0.01039349274103873, 0.01039349274103873, 0.007856742013183834, 0.007856742013183834, 0.007856742013183834, 0.003928371006591917, 0.003928371006591917, 0.003928371006591917, 0.003928371006591917, 0.003928371006591917, 0.003928371006591917, 0.003928371006591917, 0.003928371006591917, 0.003928371006591917, 0.0, 0.0, 0.0, 0.0, 0.0, 0.0, 0.0, 0.0, 0.0, 0.0, 0.0, 0.0]}, "9,0": {"ts": [0.0, 1.0, 2.0, 3.0, 4.0, 5.0, 6.0, 7.0, 8.0, 9.0, 10.0, 11.0, 12.0, 13.0, 14.0, 15.0, 16.0, 17.0, 18.0, 19.0, 20.0, 21.0, 22.0, 23.0, 24.0, 25.0, 26.0, 27.0, 28.0, 29.0, 30.0, 31.0, 32.0, 33.0, 34.0, 35.0, 36.0, 37.0, 38.0, 39.0, 40.0, 41.0, 42.0, 43.0, 44.0, 45.0, 46.0, 47.0, 48.0, 49.0], "mean": [0.8465958605664489, 0.840822440087146, 0.8248638344226581, 0.8272875816993465, 0.8216230936819172, 0.8196486928104575, 0.8159449891067538, 0.8102805010893247, 0.8081971677559913, 0.8064542483660131, 0.8044934640522876, 0.8004493464052288, 0.804384531590414, 0.8039215686274511, 0.7961737472766884, 0.7901552287581698, 0.7862336601307188, 0.7821895424836601, 0.7914351851851853, 0.8052151416122005, 0.8125136165577342, 0.8069580610021787, 0.7993191721132898, 0.7955065359477125, 0.7936546840958606, 0.7974400871459695, 0.8121459694989107, 0.8139705882352941, 0.8121187363834422, 0.8167483660130719, 0.810974945533769, 0.810974945533769, 0.8070533769063181, 0.8150054466230937, 0.817088779956427, 0.8131535947712418, 0.8211056644880174, 0.8284041394335512, 0.8284041394335512, 0.8369689542483659, 0.8332652505446623, 0.8290985838779957, 0.8251633986928105, 0.8233115468409586, 0.8191448801742919, 0.8171840958605664, 0.8111655773420479, 0.8092047930283224, 0.8071214596949892, 0.8052696078431373], "std": [0.010372993228484562, 0.010928659756114397, 0.014004124874530942, 0.004316942749550006, 0.0030315729956592007, 0.0028728678059668595, 0.007601137692925739, 0.011206832361096434, 0.00994907374235377, 0.01695768291817713, 0.015109299623424891, 0.012310467709776807, 0.010961185197774222, 0.005545935538718, 0.007146111682588326, 0.011153232588065365, 0.005639326606155323, 0.0054634815350655, 0.016200396487891355, 0.015954899020784216, 0.030518402970026132, 0.02269047263192565, 0.016197683838110256, 0.015109299623424891, 0.01252113378086013, 0.01606873818493995, 0.03318357075424316, 0.03735313416655413, 0.035618437315971606, 0.02074359115407161, 0.01710677580166333, 0.01710677580166333, 0.01646416955136651, 0.020168140022510044, 0.017344405435958412, 0.01966936155584859, 0.03230175836676097, 0.030046729608989825, 0.030046729608989825, 0.01656070136311179, 0.018127939683934505, 0.02200692710516642, 0.02475476714301385, 0.025517182147366094, 0.029666676546344112, 0.027059166682032235, 0.03206567225490557, 0.029530845034869444, 0.0319886125829235, 0.032185861655448206]}, "0,0": {"ts": [0.0, 1.0, 2.0, 3.0, 4.0, 5.0, 6.0, 7.0, 8.0, 9.0, 10.0, 11.0, 12.0, 13.0, 14.0, 15.0, 16.0, 17.0, 18.0, 19.0, 20.0, 21.0, 22.0, 23.0, 24.0, 25.0, 26.0, 27.0, 28.0, 29.0, 30.0, 31.0, 32.0, 33.0, 34.0, 35.0, 36.0, 37.0, 38.0, 39.0, 40.0, 41.0, 42.0, 43.0, 44.0, 45.0, 46.0, 47.0, 48.0, 49.0], "mean": [0.8027777777777779, 0.813888888888889, 0.8250000000000001, 0.8333333333333335, 0.8416666666666668, 0.8472222222222223, 0.8583333333333334, 0.8666666666666667, 0.8777777777777778, 0.8777777777777778, 0.8833333333333334, 0.8944444444444445, 0.9083333333333333, 0.9166666666666666, 0.9222222222222222, 0.9277777777777777, 0.9305555555555557, 0.9361111111111112, 0.9416666666666668, 0.9472222222222223, 0.9611111111111111, 0.9666666666666668, 0.9694444444444446, 0.9722222222222223, 0.9777777777777779, 0.9777777777777779, 0.9805555555555556, 0.9833333333333334, 0.9861111111111112, 0.9888888888888889, 0.9888888888888889, 0.9916666666666667, 0.9916666666666667, 0.9972222222222222, 0.9972222222222222, 0.9972222222222222, 0.9972222222222222, 0.9972222222222222, 0.9972222222222222, 1.0, 1.0, 1.0, 1.0, 1.0, 1.0, 1.0, 1.0, 1.0, 1.0, 1.0], "std": [0.003928371006591917, 0.003928371006591917, 0.01178511301977575, 0.018002057495577362, 0.02453266907313287, 0.02832788618662653, 0.02965855070008692, 0.02453266907313291, 0.020786985482077417, 0.020786985482077417, 0.02453266907313287, 0.020786985482077427, 0.013608276348795386, 0.02041241452319317, 0.017123372230469402, 0.02078698548207746, 0.02187224409447728, 0.01964185503295969, 0.024532669073132923, 0.02187224409447728, 0.01964185503295969, 0.018002057495577362, 0.014163943093313277, 0.01039349274103873, 0.003928371006591969, 0.003928371006591969, 0.00392837100659197, 0.0, 0.003928371006591917, 0.003928371006591917, 0.003928371006591917, 0.0, 0.0, 0.003928371006591917, 0.003928371006591917, 0.003928371006591917, 0.003928371006591917, 0.003928371006591917, 0.003928371006591917, 0.0, 0.0, 0.0, 0.0, 0.0, 0.0, 0.0, 0.0, 0.0, 0.0, 0.0]}, "3,1": {"ts": [0.0, 1.0, 2.0, 3.0, 4.0, 5.0, 6.0, 7.0, 8.0, 9.0, 10.0, 11.0, 12.0, 13.0, 14.0, 15.0, 16.0, 17.0, 18.0, 19.0, 20.0, 21.0, 22.0, 23.0, 24.0, 25.0, 26.0, 27.0, 28.0, 29.0, 30.0, 31.0, 32.0, 33.0, 34.0, 35.0, 36.0, 37.0, 38.0, 39.0, 40.0, 41.0, 42.0, 43.0, 44.0, 45.0, 46.0, 47.0, 48.0, 49.0], "mean": [0.8055555555555557, 0.8083333333333332, 0.8166666666666668, 0.8194444444444445, 0.8277777777777778, 0.8305555555555556, 0.8444444444444444, 0.8527777777777779, 0.8527777777777779, 0.8638888888888889, 0.8666666666666667, 0.8666666666666667, 0.8722222222222222, 0.8777777777777778, 0.8805555555555555, 0.8777777777777778, 0.8805555555555555, 0.8777777777777778, 0.875, 0.8694444444444445, 0.8722222222222222, 0.8722222222222222, 0.8722222222222222, 0.8722222222222222, 0.8722222222222222, 0.8777777777777778, 0.875, 0.8777777777777778, 0.8777777777777778, 0.8777777777777778, 0.8805555555555555, 0.8805555555555555, 0.8805555555555555, 0.8805555555555555, 0.8805555555555555, 0.8805555555555555, 0.8805555555555555, 0.8805555555555555, 0.875, 0.875, 0.875, 0.875, 0.875, 0.875, 0.875, 0.875, 0.875, 0.8722222222222222, 0.8694444444444445, 0.8694444444444445],