{"_meta": {"logs_dir": "C:\\Users\\cbcro\\OneDrive - Princeton University\\Thesis\\AI-Bazaar\\AI-Bazaar\\logs\\exp2_openai-gpt-5.4", "good": "car", "created": 1774933622.2733488}, "data": {"per_seed_data": {"0,0": {"consumer_welfare": [902.7095238095237, 895.6571428571427, 950.3000000000002], "sybil_rev_share": [0.0, 0.0, 0.0], "market_volume": [468.0, 503.0, 448.0], "passes_total": [132.0, 97.0, 152.0]}, "0,1": {"consumer_welfare": [625.7047619047619, 601.6547619047619, 777.7238095238095], "sybil_rev_share": [0.0, 0.0, 0.0], "market_volume": [417.0, 350.0, 369.0], "passes_total": [183.0, 250.0, 231.0]}, "1,0": {"consumer_welfare": [-444.31666666666666, -772.090476190476, -927.7809523809524], "sybil_rev_share": [0.0366913209629057, 0.04817032336357908, 0.0667033355406469], "market_volume": [496.0, 469.0, 476.0], "passes_total": [104.0, 131.0, 124.0]}, "1,1": {"consumer_welfare": [-3259.8119047619048, -2391.1095238095236, -3237.271428571429], "sybil_rev_share": [0.15247109359463262, 0.12377493678054576, 0.15057125508710623], "market_volume": [426.0, 389.0, 372.0], "passes_total": [174.0, 211.0, 228.0]}, "2,0": {"consumer_welfare": [-3300.5047619047614, -2467.888095238095, -3188.016666666667], "sybil_rev_share": [0.1533479014661779, 0.11565938814604244, 0.14363930109643164], "market_volume": [437.0, 421.0, 414.0], "passes_total": [163.0, 179.0, 186.0]}, "2,1": {"consumer_welfare": [-6189.352380952381, -6536.126190476191, -6715.747619047619], "sybil_rev_share": [0.2731396009733218, 0.29515131147955315, 0.2960632521319753], "market_volume": [400.0, 362.0, 366.0], "passes_total": [200.0, 238.0, 234.0]}, "3,0": {"consumer_welfare": [-7335.483333333333, -6744.000000000001, -8570.166666666666], "sybil_rev_share": [0.26047567914413533, 0.2649488847372759, 0.32824052576732415], "market_volume": [312.0, 311.0, 287.0], "passes_total": [288.0, 289.0, 313.0]}, "3,1": {"consumer_welfare": [-10286.316666666666, -12122.900000000001, -10754.416666666668], "sybil_rev_share": [0.3821842938400838, 0.4899859094870331, 0.40146509181568907], "market_volume": [217.0, 264.0, 203.0], "passes_total": [383.0, 336.0, 397.0]}}, "eas_cells": {"0,0": {"eas_mean": 0.9657977700492157, "eas_se": 0.017489653710377976, "n": 3, "welfare_mean": 916.2222222222222, "integrity_mean": 1.0, "stability_mean": 1.0, "baseline_vol": 473.0, "w_min": -12122.900000000001, "w_range": 13073.2, "vr_min": 0.42917547568710357, "vr_range": 0.6342494714587739}, "0,1": {"eas_mean": 0.8546631276198635, "eas_se": 0.02202908657947577, "n": 3, "welfare_mean": 668.3611111111111, "integrity_mean": 1.0, "stability_mean": 0.8005637773079632, "baseline_vol": 473.0, "w_min": -12122.900000000001, "w_range": 13073.2, "vr_min": 0.42917547568710357, "vr_range": 0.6342494714587739}, "1,0": {"eas_mean": 0.9155202495971085, "eas_se": 0.014472353040048307, "n": 3, "welfare_mean": -714.729365079365, "integrity_mean": 0.9494783400442894, "stability_mean": 1.0155038759689923, "baseline_vol": 473.0, "w_min": -12122.900000000001, "w_range": 13073.2, "vr_min": 0.42917547568710357, "vr_range": 0.6342494714587739}, "1,1": {"eas_mean": 0.7335442659046181, "eas_se": 0.018234195503139684, "n": 3, "welfare_mean": -2962.7309523809527, "integrity_mean": 0.8577275715125718, "stability_mean": 0.8365045806906272, "baseline_vol": 473.0, "w_min": -12122.900000000001, "w_range": 13073.2, "vr_min": 0.42917547568710357, "vr_range": 0.6342494714587739}, "2,0": {"eas_mean": 0.7660204852211491, "eas_se": 0.01025412076095524, "n": 3, "welfare_mean": -2985.4698412698413, "integrity_mean": 0.8624511364304493, "stability_mean": 0.8964059196617337, "baseline_vol": 473.0, "w_min": -12122.900000000001, "w_range": 13073.2, "vr_min": 0.42917547568710357, "vr_range": 0.6342494714587739}, "2,1": {"eas_mean": 0.5733853731728792, "eas_se": 0.01954075218824016, "n": 3, "welfare_mean": -6480.408730158731, "integrity_mean": 0.7118819451383833, "stability_mean": 0.7949260042283298, "baseline_vol": 473.0, "w_min": -12122.900000000001, "w_range": 13073.2, "vr_min": 0.42917547568710357, "vr_range": 0.6342494714587739}, "3,0": {"eas_mean": 0.46656342647840615, "eas_se": 0.029582466646679545, "n": 3, "welfare_mean": -7549.883333333334, "integrity_mean": 0.7154449701170882, "stability_mean": 0.6412966878083157, "baseline_vol": 473.0, "w_min": -12122.900000000001, "w_range": 13073.2, "vr_min": 0.42917547568710357, "vr_range": 0.6342494714587739}, "3,1": {"eas_mean": 0.24683642639739434, "eas_se": 0.01078711607332934, "n": 3, "welfare_mean": -11054.544444444444, "integrity_mean": 0.5754549016190647, "stability_mean": 0.48202959830866804, "baseline_vol": 473.0, "w_min": -12122.900000000001, "w_range": 13073.2, "vr_min": 0.42917547568710357, "vr_range": 0.6342494714587739}}, "aggregate_eas": {"mean": 0.6902913905550793, "se": 0.04818737513573278, "n": 24}}}