{"_meta": {"logs_dir": "C:\\Users\\cbcro\\OneDrive - Princeton University\\Thesis\\AI-Bazaar\\AI-Bazaar\\logs\\exp2_openai-gpt-5.4", "good": "car", "created": 1774933618.3797793}, "data": {"agg": {"0,1": {"ts": [0.0, 1.0, 2.0, 3.0, 4.0, 5.0, 6.0, 7.0, 8.0, 9.0, 10.0, 11.0, 12.0, 13.0, 14.0, 15.0, 16.0, 17.0, 18.0, 19.0, 20.0, 21.0, 22.0, 23.0, 24.0, 25.0, 26.0, 27.0, 28.0, 29.0, 30.0, 31.0, 32.0, 33.0, 34.0, 35.0, 36.0, 37.0, 38.0, 39.0, 40.0, 41.0, 42.0, 43.0, 44.0, 45.0, 46.0, 47.0, 48.0, 49.0], "mean": [0.3611111111111111, 0.3888888888888889, 0.13888888888888887, 0.2222222222222222, 0.13888888888888887, 0.19444444444444442, 0.19444444444444442, 0.13888888888888887, 0.16666666666666666, 0.08333333333333333, 0.16666666666666666, 0.2222222222222222, 0.3333333333333333, 0.3055555555555555, 0.2222222222222222, 0.19444444444444445, 0.25, 0.19444444444444442, 0.13888888888888887, 0.22222222222222224, 0.16666666666666666, 0.1111111111111111, 0.3055555555555556, 0.3055555555555556, 0.2222222222222222, 0.25, 0.19444444444444442, 0.2222222222222222, 0.25, 0.08333333333333333, 0.2222222222222222, 0.3055555555555555, 0.16666666666666666, 0.2222222222222222, 0.1111111111111111, 0.27777777777777773, 0.13888888888888887, 0.08333333333333333, 0.36111111111111116, 0.3611111111111111, 0.25, 0.16666666666666666, 0.16666666666666666, 0.19444444444444442, 0.2777777777777778, 0.16666666666666666, 0.27777777777777773, 0.1111111111111111, 0.16666666666666666, 0.16666666666666666], "std": [0.039283710065919325, 0.039283710065919325, 0.07856742013183861, 0.07856742013183861, 0.14163943093313291, 0.03928371006591931, 0.03928371006591931, 0.039283710065919304, 0.06804138174397717, 0.0, 0.0, 0.10393492741038726, 0.13608276348795434, 0.10393492741038726, 0.10393492741038726, 0.1712337223046938, 0.06804138174397717, 0.07856742013183862, 0.10393492741038726, 0.19641855032959654, 0.1800205749557739, 0.07856742013183861, 0.19641855032959657, 0.20786985482077452, 0.03928371006591931, 0.0, 0.03928371006591931, 0.07856742013183861, 0.06804138174397717, 0.06804138174397717, 0.10393492741038726, 0.0392837100659193, 0.11785113019775792, 0.07856742013183861, 0.10393492741038726, 0.15713484026367722, 0.07856742013183861, 0.06804138174397717, 0.07856742013183862, 0.10393492741038726, 0.06804138174397717, 0.06804138174397717, 0.0, 0.07856742013183862, 0.19641855032959654, 0.13608276348795434, 0.14163943093313291, 0.07856742013183861, 0.13608276348795434, 0.06804138174397717]}, "9,0": {"ts": [0.0, 1.0, 2.0, 3.0, 4.0, 5.0, 6.0, 7.0, 8.0, 9.0, 10.0, 11.0, 12.0, 13.0, 14.0, 15.0, 16.0, 17.0, 18.0, 19.0, 20.0, 21.0, 22.0, 23.0, 24.0, 25.0, 26.0, 27.0, 28.0, 29.0, 30.0, 31.0, 32.0, 33.0, 34.0, 35.0, 36.0, 37.0, 38.0, 39.0, 40.0, 41.0, 42.0, 43.0, 44.0, 45.0, 46.0, 47.0, 48.0, 49.0], "mean": [0.25, 0.5555555555555556, 0.47222222222222227, 0.49999999999999994, 0.6111111111111112, 0.5833333333333334, 0.47222222222222227, 0.5277777777777778, 0.5833333333333334, 0.6666666666666666, 0.5277777777777778, 0.7222222222222223, 0.7777777777777778, 0.4444444444444445, 0.5000000000000001, 0.6388888888888888, 0.7777777777777777, 0.5833333333333334, 0.5555555555555556, 0.5833333333333334, 0.6666666666666666, 0.75, 0.7222222222222222, 0.611111111111111, 0.6944444444444445, 0.6388888888888888, 0.49999999999999994, 0.6111111111111112, 0.8055555555555555, 0.6666666666666666, 0.5277777777777778, 0.8055555555555555, 0.5833333333333334, 0.7222222222222222, 0.5833333333333334, 0.6666666666666666, 0.5555555555555556, 0.7777777777777777, 0.4444444444444444, 0.638888888888889, 0.611111111111111, 0.6666666666666666, 0.5277777777777778, 0.75, 0.6666666666666666, 0.6388888888888888, 0.7222222222222222, 0.7222222222222222, 0.7777777777777778, 0.6111111111111112], "std": [0.2041241452319315, 0.1416394309331329, 0.10393492741038728, 0.13608276348795434, 0.03928371006591927, 0.06804138174397716, 0.10393492741038728, 0.10393492741038723, 0.11785113019775792, 0.11785113019775792, 0.07856742013183862, 0.10393492741038725, 0.039283710065919325, 0.0392837100659193, 0.06804138174397717, 0.03928371006591927, 0.10393492741038726, 0.06804138174397716, 0.2576005137637696, 0.06804138174397716, 0.3535533905932738, 0.1800205749557739, 0.039283710065919325, 0.2187224409447725, 0.10393492741038726, 0.1712337223046938, 0.13608276348795434, 0.10393492741038726, 0.10393492741038726, 0.0, 0.10393492741038723, 0.10393492741038726, 0.06804138174397716, 0.07856742013183865, 0.06804138174397716, 0.06804138174397716, 0.1712337223046938, 0.10393492741038725, 0.17123372230469378, 0.3491612524993482, 0.2187224409447725, 0.11785113019775792, 0.10393492741038723, 0.0680413817439772, 0.18002057495577387, 0.03928371006591927, 0.039283710065919325, 0.2187224409447725, 0.039283710065919325, 0.03928371006591927]}, "0,0": {"ts": [0.0, 1.0, 2.0, 3.0, 4.0, 5.0, 6.0, 7.0, 8.0, 9.0, 10.0, 11.0, 12.0, 13.0, 14.0, 15.0, 16.0, 17.0, 18.0, 19.0, 20.0, 21.0, 22.0, 23.0, 24.0, 25.0, 26.0, 27.0, 28.0, 29.0, 30.0, 31.0, 32.0, 33.0, 34.0, 35.0, 36.0, 37.0, 38.0, 39.0, 40.0, 41.0, 42.0, 43.0, 44.0, 45.0, 46.0, 47.0, 48.0, 49.0], "mean": [0.25, 0.3888888888888889, 0.13888888888888887, 0.25, 0.4444444444444445, 0.3611111111111111, 0.27777777777777773, 0.3333333333333333, 0.4444444444444445, 0.24999999999999997, 0.3333333333333333, 0.4166666666666667, 0.3888888888888889, 0.3611111111111111, 0.5555555555555555, 0.27777777777777773, 0.3611111111111111, 0.4444444444444445, 0.36111111111111116, 0.5555555555555556, 0.3888888888888889, 0.5277777777777778, 0.4444444444444445, 0.22222222222222224, 0.4166666666666667, 0.47222222222222227, 0.2777777777777778, 0.3333333333333333, 0.3055555555555555, 0.25, 0.4444444444444444, 0.3888888888888889, 0.3611111111111111, 0.27777777777777773, 0.27777777777777773, 0.36111111111111116, 0.3333333333333333, 0.4166666666666667, 0.4444444444444445, 0.5, 0.5000000000000001, 0.3888888888888889, 0.3055555555555556, 0.3333333333333333, 0.3333333333333333, 0.3333333333333333, 0.27777777777777773, 0.36111111111111116, 0.5277777777777778, 0.4444444444444444], "std": [0.11785113019775792, 0.21872244094477256, 0.07856742013183861, 0.13608276348795434, 0.19641855032959654, 0.14163943093313291, 0.10393492741038726, 0.11785113019775792, 0.10393492741038729, 0.06804138174397717, 0.0, 0.18002057495577392, 0.14163943093313294, 0.039283710065919325, 0.10393492741038725, 0.15713484026367722, 0.2187224409447725, 0.23895347964007296, 0.14163943093313291, 0.1416394309331329, 0.10393492741038726, 0.039283710065919325, 0.17123372230469378, 0.14163943093313291, 0.0, 0.07856742013183862, 0.1712337223046938, 0.06804138174397717, 0.10393492741038726, 0.06804138174397717, 0.20786985482077452, 0.039283710065919325, 0.2187224409447725, 0.0392837100659193, 0.15713484026367722, 0.14163943093313291, 0.11785113019775792, 0.11785113019775792, 0.10393492741038729, 0.06804138174397717, 0.06804138174397717, 0.10393492741038726, 0.07856742013183862, 0.13608276348795434, 0.13608276348795434, 0.06804138174397717, 0.14163943093313291, 0.07856742013183862, 0.20786985482077452, 0.21872244094477253]}, "3,1": {"ts": [0.0, 1.0, 2.0, 3.0, 4.0, 5.0, 6.0, 7.0, 8.0, 9.0, 10.0, 11.0, 12.0, 13.0, 14.0, 15.0, 16.0, 17.0, 18.0, 19.0, 20.0, 21.0, 22.0, 23.0, 24.0, 25.0, 26.0, 27.0, 28.0, 29.0, 30.0, 31.0, 32.0, 33.0, 34.0, 35.0, 36.0, 37.0, 38.0, 39.0, 40.0, 41.0, 42.0, 43.0, 44.0, 45.0, 46.0, 47.0, 48.0, 49.0],