{"_meta": {"logs_dir": "C:\\Users\\cbcro\\OneDrive - Princeton University\\Thesis\\AI-Bazaar\\AI-Bazaar\\logs\\exp2_openai-gpt-5.4", "good": "car", "created": 1774933618.4347873}, "data": {"agg": {"0,1": {"ts": [0.0, 1.0, 2.0, 3.0, 4.0, 5.0, 6.0, 7.0, 8.0, 9.0, 10.0, 11.0, 12.0, 13.0, 14.0, 15.0, 16.0, 17.0, 18.0, 19.0, 20.0, 21.0, 22.0, 23.0, 24.0, 25.0, 26.0, 27.0, 28.0, 29.0, 30.0, 31.0, 32.0, 33.0, 34.0, 35.0, 36.0, 37.0, 38.0, 39.0, 40.0, 41.0, 42.0, 43.0, 44.0, 45.0, 46.0, 47.0, 48.0, 49.0], "mean": [0.0, 0.0, 0.0, 0.0, 0.0, 0.0, 0.0, 0.0, 0.0, 0.0, 0.0, 0.0, 0.0, 0.0, 0.0, 0.0, 0.0, 0.0, 0.0, 0.0, 0.0, 0.0, 0.0, 0.0, 0.0, 0.0, 0.0, 0.0, 0.0, 0.0, 0.0, 0.0, 0.0, 0.0, 0.0, 0.0, 0.0, 0.0, 0.0, 0.0, 0.0, 0.0, 0.0, 0.0, 0.0, 0.0, 0.0, 0.0, 0.0, 0.0], "std": [0.0, 0.0, 0.0, 0.0, 0.0, 0.0, 0.0, 0.0, 0.0, 0.0, 0.0, 0.0, 0.0, 0.0, 0.0, 0.0, 0.0, 0.0, 0.0, 0.0, 0.0, 0.0, 0.0, 0.0, 0.0, 0.0, 0.0, 0.0, 0.0, 0.0, 0.0, 0.0, 0.0, 0.0, 0.0, 0.0, 0.0, 0.0, 0.0, 0.0, 0.0, 0.0, 0.0, 0.0, 0.0, 0.0, 0.0, 0.0, 0.0, 0.0]}, "9,0": {"ts": [0.0, 1.0, 2.0, 3.0, 4.0, 5.0, 6.0, 7.0, 8.0, 9.0, 10.0, 11.0, 12.0, 13.0, 14.0, 15.0, 16.0, 17.0, 18.0, 19.0, 20.0, 21.0, 22.0, 23.0, 24.0, 25.0, 26.0, 27.0, 28.0, 29.0, 30.0, 31.0, 32.0, 33.0, 34.0, 35.0, 36.0, 37.0, 38.0, 39.0, 40.0, 41.0, 42.0, 43.0, 44.0, 45.0, 46.0, 47.0, 48.0, 49.0], "mean": [0.7141937160572441, 0.8073197786626144, 0.8335769624947625, 0.39481739242504793, 0.6753619331936571, 0.6415184476131303, 0.7075845151052548, 0.48491462610554076, 0.37768582634314773, 0.22280701754385965, 0.1990049751243781, 0.5092243186582809, 0.0, 0.24004550625711038, 0.5043967041038799, 0.7492426687855387, 0.3333333333333333, 0.34576093522367907, 0.8514819071500713, 0.6819787615314935, 0.5484848484848485, 0.6184573002754821, 0.5628227194492255, 0.42028478057889823, 0.2893081761006289, 0.6704976072186044, 0.37725552830224557, 0.6517128421520182, 0.1623931623931624, 0.43926135027052454, 0.27125873989811417, 0.0, 0.21761658031088082, 0.41922375349011576, 0.2578466428287644, 0.44138083286856294, 0.4103763376315581, 0.42424242424242425, 0.17248062015503876, 0.5527210884353742, 0.4261673601479427, 0.18457300275482094, 0.3037130654580319, 0.3333333333333333, 0.18629407850964738, 0.3212343212343212, 0.5171576227390181, 0.2153392330383481, 0.2279090113735783, 0.32965922965922967], "std": [0.1251707450753767, 0.09638358708341446, 0.05497222216170182, 0.31994208133682833, 0.19298914182032015, 0.11532804103314746, 0.02014379127700571, 0.3435286309955997, 0.2834348172165028, 0.31509670600242645, 0.2814355348006159, 0.38575574224016923, 0.0, 0.3394756105355211, 0.08300085562299045, 0.20067602360958325, 0.4714045207910317, 0.037963443069020976, 0.10501994680927346, 0.11035914040943601, 0.41396645725452696, 0.44128327709508564, 0.39811530716181515, 0.30478042135911626, 0.4091435463469332, 0.25377961974297686, 0.2700078932773395, 0.2541034087104229, 0.2296586126930667, 0.3131499831628688, 0.21896531257207005, 0.0, 0.3077563192729015, 0.2980023479959911, 0.36465021930080993, 0.3249813621072701, 0.13209344489347247, 0.4220723720358824, 0.24392443226977806, 0.4150008349368562, 0.3016997196488944, 0.26102564374379444, 0.21484526937773898, 0.4714045207910317, 0.2634596124181415, 0.24954093916489611, 0.37769822808512254, 0.30453566387385234, 0.16130644156052446, 0.24525916537547837]}, "0,0": {"ts": [0.0, 1.0, 2.0, 3.0, 4.0, 5.0, 6.0, 7.0, 8.0, 9.0, 10.0, 11.0, 12.0, 13.0, 14.0, 15.0, 16.0, 17.0, 18.0, 19.0, 20.0, 21.0, 22.0, 23.0, 24.0, 25.0, 26.0, 27.0, 28.0, 29.0, 30.0, 31.0, 32.0, 33.0, 34.0, 35.0, 36.0, 37.0, 38.0, 39.0, 40.0, 41.0, 42.0, 43.0, 44.0, 45.0, 46.0, 47.0, 48.0, 49.0], "mean": [0.0, 0.0, 0.0, 0.0, 0.0, 0.0, 0.0, 0.0, 0.0, 0.0, 0.0, 0.0, 0.0, 0.0, 0.0, 0.0, 0.0, 0.0, 0.0, 0.0, 0.0, 0.0, 0.0, 0.0, 0.0, 0.0, 0.0, 0.0, 0.0, 0.0, 0.0, 0.0, 0.0, 0.0, 0.0, 0.0, 0.0, 0.0, 0.0, 0.0, 0.0, 0.0, 0.0, 0.0, 0.0, 0.0, 0.0, 0.0, 0.0, 0.0], "std": [0.0, 0.0, 0.0, 0.0, 0.0, 0.0, 0.0, 0.0, 0.0, 0.0, 0.0, 0.0, 0.0, 0.0, 0.0, 0.0, 0.0, 0.0, 0.0, 0.0, 0.0, 0.0, 0.0, 0.0, 0.0, 0.0, 0.0, 0.0, 0.0, 0.0, 0.0, 0.0, 0.0, 0.0, 0.0, 0.0, 0.0, 0.0, 0.0, 0.0, 0.0, 0.0, 0.0, 0.0, 0.0, 0.0, 0.0, 0.0, 0.0, 0.0]}, "3,1": {"ts": [0.0, 1.0, 2.0, 3.0, 4.0, 5.0, 6.0, 7.0, 8.0, 9.0, 10.0, 11.0, 12.0, 13.0, 14.0, 15.0, 16.0, 17.0, 18.0, 19.0, 20.0, 21.0, 22.0, 23.0, 24.0, 25.0, 26.0, 27.0, 28.0, 29.0, 30.0, 31.0, 32.0, 33.0, 34.0, 35.0, 36.0, 37.0, 38.0, 39.0, 40.0, 41.0, 42.0, 43.0, 44.0, 45.0, 46.0, 47.0, 48.0, 49.0], "mean": [0.05623471882640587, 0.11931119311193111, 0.13996859049862584, 0.14962166684273484, 0.08136482939632546, 0.05705411149256171, 0.10601092896174863, 0.0, 0.1520704777428494, 0.06346578366445917, 0.09737029140014214, 0.19055048757470902, 0.0, 0.12940304041527623, 0.08606478819244777, 0.16417897327707454, 0.0, 0.08220720720720721, 0.05146476642913697, 0.16449864498644987, 0.05903866248693835, 0.0, 0.0, 0.0, 0.09415584415584416, 0.0, 0.04174820613176777, 0.0, 0.0, 0.0, 0.0, 0.0, 0.0, 0.0, 0.0, 0.0, 0.0, 0.0, 0.17296275476683484, 0.0, 0.0, 0.0, 0.0, 0.0, 0.09148766905330151, 0.0, 0.0, 0.09745762711864407, 0.0783917340521114, 0.0], "std": [0.07952790204054079, 0.16873150744180837, 0.19794547898940257, 0.10597499085936798, 0.11506724523245657, 0.08068669826192745, 0.14992209349747565, 0.0, 0.10778411070972964, 0.08975417200491496, 0.13770238667030135, 0.1424803057603845, 0.0, 0.1830035347675974, 0.12171399070452743, 0.13188631227409012, 0.0, 0.11625854735724767, 0.07278217066844907, 0.13343629664047446, 0.0834932771933959, 0.0, 0.0, 0.0, 0.13315647178188234, 0.0, 0.05904087931629359, 0.0, 0.0, 0.0, 0.0, 0.0, 0.0, 0.0, 0.0, 0.0, 0.0, 0.0, 0.126379956325206, 0.0, 0.0, 0.0, 0.0, 0.0, 0.12938310236508027, 0.0, 0.0, 0.1378258980278864, 0.11086265347444076, 0.0]}, "6,1": {"ts": [0.0, 1.0, 2.0, 3.0, 4.0, 5.0, 6.0, 7.0, 8.0, 9.0, 10.0, 11.0, 12.0, 13.0, 14.0, 15.0, 16.0, 17.0, 18.0, 19.0, 20.0, 21.0, 22.0, 23.0, 24.0, 25.0, 26.0, 27.0, 28.0, 29.0, 30.0, 31.0, 32.0, 33.0, 34.0, 35.0, 36.0, 37.0, 38.0, 39.0, 40.0, 41.0, 42.0, 43.0, 44.0, 45.0, 46.0, 47.0, 48.0, 49.0], "mean": [0.44392231828661854, 0.35991889879578864, 0.3795400517581781, 0.31175253789459045, 0.11194968553459118, 0.31902334814956174, 0.13090418353576247, 0.2780240863429286, 0.11170212765957448, 0.05923694779116465, 0.21508379888268156, 0.41299182047161187, 0.08656716417910448, 0.2039637843891626, 0.2280248891601604, 0.18408773464720418, 0.08778625954198473, 0.11052631578947368, 0.07720588235294118, 0.0, 0.20812494436400564, 0.16580524273920233, 0.08400984009840097, 0.0, 0.23631870510848932, 0.10396570203644158, 0.0, 0.20371003797867812, 0.07181136120042873, 0.0, 0.08531157270029673, 0.12104787714543812, 0.0, 0.0, 0.0, 0.13567475061294745, 0.052461662631154156, 0.0, 0.0, 0.06837098692033293, 0.0, 0.11135912698412698, 0.26899350649350645, 0.17916433113966798, 0.09227549467275493, 0.31118891593819803, 0.0, 0.0, 0.16929176960021322, 0.09634551495016612], "std": [0.3674803867583631, 0.2743093631950856, 0.059665671255630166, 0.23834947906966233, 0.15832076358642197, 0.2564129807361259, 0.18512647172765212, 0.20015618898510418, 0.15797066388210104, 0.08377369495985201, 0.3041744254266154, 0.08674794551352241, 0.12242445763826794, 0.15455461626782474, 0.16357990497701538, 0.1479297196689296, 0.12414851883427934, 0.15630781478860523, 0.10918560591851102, 0.0, 0.17020689237936534, 0.11882157419910733, 0.11880785523995374, 0.0, 0.17155608935135583, 0.14702970584157582, 0.0, 0.1599039318667925, 0.10155660094211937, 0.0, 0.12064878314013794, 0.1711875495555508, 0.0, 0.0, 0.0, 0.10064991152341005, 0.07419199479762, 0.0, 0.0, 0.09669117697556834, 0.0, 0.15748558767498005, 0.21248038381047005, 0.13372965150401842, 0.13049725604089632, 0.058741014448137986, 0.0, 0.0, 0.1209248088056986, 0.1362531339163447]},